,date,weather_code,temp_max,temp_min,humidity_max,rain_sum,wind_speed_max,radiation_sum,evapotranspiration
0,2025-11-22,61,7.9,1.1,93.0,10.4,19.6,0.96,0.43
1,2025-11-23,61,10.1,5.3,100.0,9.7,22.5,4.29,0.72
2,2025-11-24,51,6.9,4.2,92.0,1.6,17.3,1.98,0.35
3,2025-11-25,3,6.7,3.5,88.0,0.0,16.6,3.31,0.56
4,2025-11-26,51,8.8,0.0,95.0,0.9,17.3,4.93,0.48
5,2025-11-27,51,13.3,9.2,97.0,1.1,19.2,1.67,0.35
6,2025-11-28,3,12.9,8.7,92.0,0.0,18.6,3.95,0.67
7,2022-01-01,51,14.9,11.7,93.0,0.2,25.3,2.76,0.77
8,2022-01-02,51,12.6,8.7,94.0,2.0,29.5,3.2,0.69
9,2022-01-03,3,10.2,7.0,95.0,0.0,24.4,2.43,0.57
10,2022-01-04,51,8.0,1.2,97.0,2.5,21.0,0.66,0.29
11,2022-01-05,3,5.7,-2.1,95.0,0.0,21.3,4.27,0.63
12,2022-01-06,51,6.8,-3.8,99.0,2.2,30.9,2.24,0.42
13,2022-01-07,51,6.2,1.0,93.0,0.3,28.8,3.38,0.51
14,2022-01-08,61,9.6,0.7,93.0,7.9,27.4,0.57,0.41
15,2022-01-09,3,7.4,-0.5,100.0,0.0,21.2,4.32,0.51
16,2022-01-10,51,8.3,0.1,100.0,0.7,13.3,1.2,0.25
17,2022-01-11,51,9.5,7.6,100.0,2.4,15.6,0.76,0.18
18,2022-01-12,3,6.7,1.1,100.0,0.0,8.0,3.97,0.32
19,2022-01-13,3,5.6,-0.6,100.0,0.0,10.7,3.97,0.35
20,2022-01-14,3,3.8,-1.5,100.0,0.0,10.2,4.3,0.35
21,2022-01-15,3,5.5,-1.6,100.0,0.0,12.9,3.28,0.31
22,2022-01-16,3,7.8,0.3,100.0,0.0,11.3,4.08,0.34
23,2022-01-17,3,7.3,-0.9,100.0,0.0,9.8,5.01,0.44
24,2022-01-18,3,6.6,-1.4,100.0,0.0,10.7,2.3,0.25
25,2022-01-19,3,9.0,1.9,95.0,0.0,18.5,2.53,0.35
26,2022-01-20,3,5.2,-1.0,93.0,0.0,16.0,5.01,0.57
27,2022-01-21,3,5.0,-2.9,94.0,0.0,14.1,5.05,0.45
28,2022-01-22,3,6.6,-1.6,97.0,0.0,12.5,4.76,0.45
29,2022-01-23,3,5.9,3.6,96.0,0.0,5.8,1.93,0.3
30,2022-01-24,3,4.9,0.4,95.0,0.0,8.5,2.64,0.34
31,2022-01-25,3,3.1,0.6,96.0,0.0,8.0,2.04,0.3
32,2022-01-26,3,7.9,0.4,96.0,0.0,17.9,4.92,0.58
33,2022-01-27,3,12.0,1.2,95.0,0.0,21.4,2.61,0.52
34,2022-01-28,3,9.3,-0.5,99.0,0.0,21.1,4.23,0.52
35,2022-01-29,51,13.0,3.8,94.0,0.1,38.2,3.97,0.88
36,2022-01-30,51,7.9,-0.7,97.0,0.3,28.7,6.51,0.84
37,2022-01-31,51,8.0,3.3,91.0,0.4,33.9,6.78,1.52
38,2022-02-01,51,13.1,4.5,88.0,0.7,33.4,5.17,1.14
39,2022-02-02,3,11.6,5.8,94.0,0.0,23.9,5.13,0.81
40,2022-02-03,3,10.2,7.1,92.0,0.0,19.5,2.92,0.63
41,2022-02-04,61,9.2,2.7,92.0,3.7,29.8,4.45,0.92
42,2022-02-05,3,10.1,1.3,91.0,0.0,35.8,5.76,1.25
43,2022-02-06,51,10.8,5.6,88.0,4.0,39.2,4.36,1.57
44,2022-02-07,3,10.8,1.2,92.0,0.0,27.2,5.3,1.03
45,2022-02-08,3,12.3,8.9,89.0,0.0,30.1,4.69,1.14
46,2022-02-09,61,12.2,7.4,94.0,3.5,22.8,4.44,0.77
47,2022-02-10,51,8.6,2.4,95.0,0.3,18.4,5.13,0.85
48,2022-02-11,3,7.9,-0.9,94.0,0.0,14.7,7.19,0.85
49,2022-02-12,3,8.1,1.7,91.0,0.0,30.6,7.63,1.18
50,2022-02-13,61,9.6,6.7,91.0,11.4,36.2,2.01,0.74
51,2022-02-14,51,9.6,4.3,93.0,3.3,29.7,6.96,1.03
52,2022-02-15,61,9.7,2.1,93.0,7.1,34.5,1.63,0.43
53,2022-02-16,61,15.7,9.1,93.0,5.4,42.5,4.94,1.41
54,2022-02-17,51,11.1,6.8,78.0,0.4,33.4,7.0,1.81
55,2022-02-18,51,11.4,3.9,89.0,2.3,68.0,6.72,1.83
56,2022-02-19,61,9.0,2.7,91.0,5.2,41.4,3.87,1.24
57,2022-02-20,61,12.2,4.7,90.0,3.0,47.2,1.68,1.18
58,2022-02-21,51,10.4,3.9,88.0,0.3,42.9,6.46,1.9
59,2022-02-22,51,13.6,4.4,89.0,0.5,38.3,4.52,1.16
60,2022-02-23,51,10.5,2.2,97.0,0.1,31.4,6.66,1.12
61,2022-02-24,61,8.4,3.1,89.0,3.6,33.8,7.14,1.44
62,2022-02-25,3,10.4,0.7,90.0,0.0,26.8,10.71,1.68
63,2022-02-26,3,10.1,-0.3,95.0,0.0,22.0,10.68,1.4
64,2022-02-27,3,9.5,1.8,81.0,0.0,20.4,11.94,1.61
65,2022-02-28,61,12.6,5.2,92.0,3.5,26.1,5.82,1.11
66,2022-03-01,61,9.6,6.6,97.0,10.2,21.5,1.72,0.39
67,2022-03-02,51,8.0,4.3,96.0,8.3,16.2,2.87,0.6
68,2022-03-03,51,12.6,5.4,94.0,0.3,15.7,6.43,0.96
69,2022-03-04,51,8.4,5.0,97.0,2.1,14.1,2.15,0.45
70,2022-03-05,51,8.1,4.0,92.0,1.5,33.4,3.88,0.85
71,2022-03-06,51,7.1,2.6,88.0,0.2,28.5,7.92,1.44
72,2022-03-07,3,6.9,1.6,88.0,0.0,26.0,10.53,1.51
73,2022-03-08,3,10.8,0.1,90.0,0.0,20.6,13.38,1.86
74,2022-03-09,51,11.9,6.3,92.0,0.1,27.6,8.44,1.5
75,2022-03-10,3,14.3,7.7,83.0,0.0,21.3,10.36,1.83
76,2022-03-11,61,12.4,8.1,90.0,3.3,29.4,5.65,1.15
77,2022-03-12,51,11.7,6.8,90.0,1.5,29.4,12.03,1.8
78,2022-03-13,51,11.7,4.8,96.0,1.7,23.9,5.91,1.09
79,2022-03-14,51,12.4,2.0,99.0,1.2,16.3,12.02,1.52
80,2022-03-15,3,14.5,3.0,98.0,0.0,11.3,11.49,1.64
81,2022-03-16,61,12.8,5.5,94.0,10.7,20.8,5.11,0.83
82,2022-03-17,3,13.1,1.7,96.0,0.0,20.1,14.16,1.91
83,2022-03-18,3,14.7,2.9,100.0,0.0,18.8,15.17,2.01
84,2022-03-19,3,13.0,6.5,86.0,0.0,28.4,16.24,2.56
85,2022-03-20,51,10.5,2.4,89.0,0.1,20.5,14.05,2.0
86,2022-03-21,3,15.7,-0.7,98.0,0.0,12.2,15.28,2.21
87,2022-03-22,51,18.3,5.9,93.0,0.1,16.3,16.12,2.56
88,2022-03-23,3,18.5,3.5,94.0,0.0,10.6,15.88,2.55
89,2022-03-24,3,17.2,4.3,98.0,0.0,9.8,17.08,2.51
90,2022-03-25,3,16.3,2.0,94.0,0.0,16.2,17.28,2.63
91,2022-03-26,3,16.9,2.6,89.0,0.0,19.4,17.6,2.83
92,2022-03-27,3,12.4,4.7,99.0,0.0,19.5,9.4,1.22
93,2022-03-28,51,16.1,1.3,98.0,0.2,12.0,14.89,2.13
94,2022-03-29,51,12.6,7.0,96.0,0.2,18.0,11.87,1.63
95,2022-03-30,61,11.1,3.5,95.0,3.4,24.8,9.98,1.57
96,2022-03-31,51,7.4,0.4,86.0,0.6,34.7,17.03,2.34
97,2022-04-01,75,7.4,0.5,81.0,2.0,35.5,17.03,2.37
98,2022-04-02,75,8.5,-0.9,92.0,0.7,15.0,16.49,1.85
99,2022-04-03,51,9.3,-3.0,92.0,0.1,15.5,13.96,1.94
100,2022-04-04,51,14.8,4.2,91.0,3.4,29.9,6.42,1.37
101,2022-04-05,51,14.1,8.1,92.0,0.1,25.7,9.9,1.97
102,2022-04-06,51,13.6,8.1,83.0,2.4,35.4,9.5,1.93
103,2022-04-07,61,12.6,3.6,88.0,4.5,45.2,16.89,2.83
104,2022-04-08,75,10.8,2.2,95.0,1.5,16.9,13.82,1.93
105,2022-04-09,51,10.7,1.0,92.0,0.9,17.7,18.33,2.34
106,2022-04-10,3,13.5,1.6,95.0,0.0,16.6,18.19,2.6
107,2022-04-11,3,16.2,4.6,83.0,0.0,24.7,17.19,3.12
108,2022-04-12,61,18.6,9.1,95.0,5.0,24.5,13.22,2.22
109,2022-04-13,51,17.5,8.8,96.0,0.4,23.3,16.59,2.62
110,2022-04-14,3,18.1,5.9,100.0,0.0,9.4,15.76,2.49
111,2022-04-15,3,20.8,6.9,99.0,0.0,11.3,19.47,3.21
112,2022-04-16,3,17.8,7.1,97.0,0.0,14.9,21.79,3.25
113,2022-04-17,3,18.1,5.9,93.0,0.0,16.4,20.39,3.51
114,2022-04-18,3,16.1,5.4,98.0,0.0,12.3,17.72,2.8
115,2022-04-19,51,15.9,5.7,91.0,0.1,20.9,14.72,2.64
116,2022-04-20,3,17.4,6.7,91.0,0.0,23.2,21.54,3.65
117,2022-04-21,3,17.5,6.7,91.0,0.0,24.5,23.03,3.81
118,2022-04-22,51,15.4,7.8,81.0,0.1,32.3,11.8,2.7
119,2022-04-23,3,16.5,8.5,89.0,0.0,31.3,18.22,3.28
120,2022-04-24,3,17.7,7.0,83.0,0.0,23.9,19.47,3.76
121,2022-04-25,51,13.8,5.4,96.0,0.3,23.1,17.77,2.66
122,2022-04-26,3,14.9,4.0,94.0,0.0,18.4,18.27,3.12
123,2022-04-27,51,11.9,4.2,94.0,0.1,18.4,13.19,2.28
124,2022-04-28,51,14.1,4.3,95.0,0.1,16.9,18.63,2.78
125,2022-04-29,3,11.6,4.3,93.0,0.0,16.8,14.42,2.25
126,2022-04-30,3,16.3,2.3,97.0,0.0,13.5,20.84,3.2
127,2022-05-01,51,13.7,8.8,88.0,1.6,14.3,7.68,1.67
128,2022-05-02,51,15.8,6.6,98.0,0.4,7.6,13.77,2.16
129,2022-05-03,3,14.4,9.8,91.0,0.0,12.8,10.12,1.79
130,2022-05-04,61,18.2,9.2,94.0,4.5,16.9,14.84,2.36
131,2022-05-05,3,19.0,6.9,95.0,0.0,14.1,19.74,3.22
132,2022-05-06,3,21.1,8.8,99.0,0.0,20.2,22.83,3.95
133,2022-05-07,51,18.1,10.6,96.0,2.3,15.7,15.7,2.59
134,2022-05-08,3,17.0,7.8,96.0,0.0,15.4,25.22,3.76
135,2022-05-09,3,21.0,4.5,99.0,0.0,23.7,22.66,4.23
136,2022-05-10,51,18.7,12.1,87.0,1.5,24.7,11.18,2.68
137,2022-05-11,61,16.6,9.4,94.0,4.2,36.7,7.93,1.63
138,2022-05-12,3,17.4,7.1,96.0,0.0,22.5,20.45,3.52
139,2022-05-13,3,19.5,9.8,85.0,0.0,26.4,23.85,4.15
140,2022-05-14,3,21.0,6.8,99.0,0.0,10.9,26.55,4.27
141,2022-05-15,61,21.7,12.3,91.0,24.8,23.1,12.7,2.3
142,2022-05-16,51,19.3,12.5,94.0,1.7,29.9,18.35,3.2
143,2022-05-17,51,24.1,11.7,95.0,0.1,24.0,22.14,4.48
144,2022-05-18,61,21.4,10.9,94.0,19.9,16.0,23.43,4.23
145,2022-05-19,61,21.5,12.3,96.0,11.2,18.0,23.13,4.04
146,2022-05-20,51,17.1,11.4,83.0,4.0,27.4,11.31,2.26
147,2022-05-21,3,19.4,9.7,93.0,0.0,18.1,20.66,3.61
148,2022-05-22,3,21.8,8.8,100.0,0.0,13.8,23.05,4.08
149,2022-05-23,51,17.8,10.6,88.0,2.5,17.7,12.45,2.38
150,2022-05-24,61,16.0,9.4,92.0,4.0,18.4,20.25,3.1
151,2022-05-25,51,17.9,8.6,92.0,0.2,30.8,9.47,2.19
152,2022-05-26,3,20.2,10.5,94.0,0.0,29.6,17.14,3.35
153,2022-05-27,3,18.8,10.8,93.0,0.0,17.8,27.5,4.65
154,2022-05-28,51,16.6,8.1,88.0,0.1,18.7,19.14,3.36
155,2022-05-29,51,14.9,6.8,93.0,0.4,19.6,22.32,3.34
156,2022-05-30,51,14.3,5.9,100.0,1.5,18.9,16.37,2.55
157,2022-05-31,61,15.7,8.2,95.0,3.4,16.6,15.85,2.39
158,2022-06-01,3,17.3,6.7,95.0,0.0,12.0,19.11,3.01
159,2022-06-02,3,18.9,7.3,100.0,0.0,16.2,23.53,3.98
160,2022-06-03,51,22.0,10.2,93.0,0.2,23.4,25.17,4.84
161,2022-06-04,61,19.9,12.0,84.0,2.4,30.0,20.44,3.76
162,2022-06-05,61,16.5,11.5,94.0,5.3,19.5,9.59,1.72
163,2022-06-06,51,16.9,11.6,94.0,0.3,18.0,11.69,2.03
164,2022-06-07,61,19.9,9.8,96.0,3.5,17.3,20.74,3.48
165,2022-06-08,61,20.6,12.9,96.0,29.2,26.4,23.0,4.09
166,2022-06-09,51,19.6,10.5,94.0,0.4,21.2,15.69,3.02
167,2022-06-10,51,22.3,14.0,91.0,0.1,28.8,22.71,4.41
168,2022-06-11,51,21.5,11.5,96.0,0.5,25.0,21.54,4.18
169,2022-06-12,3,20.1,10.5,92.0,0.0,22.1,21.5,4.04
170,2022-06-13,3,19.3,9.6,90.0,0.0,11.6,22.15,3.87
171,2022-06-14,3,22.7,9.2,96.0,0.0,10.8,29.2,5.03
172,2022-06-15,3,26.1,9.7,98.0,0.0,10.8,27.8,5.18
173,2022-06-16,3,27.2,11.3,95.0,0.0,16.3,27.75,5.61
174,2022-06-17,51,30.2,15.2,74.0,0.2,25.7,27.64,6.89
175,2022-06-18,61,24.2,13.7,86.0,10.2,28.0,16.89,3.47
176,2022-06-19,51,18.3,10.4,89.0,1.0,20.6,17.38,3.44
177,2022-06-20,51,20.4,10.7,90.0,0.6,21.9,27.51,4.61
178,2022-06-21,3,22.8,9.2,98.0,0.0,10.8,25.94,4.63
179,2022-06-22,3,25.3,10.5,100.0,0.0,17.2,29.65,5.67
180,2022-06-23,51,23.5,11.3,95.0,0.5,15.1,19.36,3.82
181,2022-06-24,51,21.8,13.7,92.0,2.8,29.0,20.43,4.07
182,2022-06-25,51,19.2,12.6,92.0,0.4,25.9,23.96,4.37
183,2022-06-26,3,20.4,11.5,86.0,0.0,28.0,24.06,4.73
184,2022-06-27,51,19.2,11.1,92.0,2.0,28.8,22.64,4.09
185,2022-06-28,51,20.6,10.5,93.0,0.2,27.1,22.37,4.35
186,2022-06-29,51,20.6,13.1,86.0,1.5,21.7,13.62,3.02
187,2022-06-30,51,18.7,11.5,90.0,1.6,17.4,16.37,2.99
188,2022-07-01,51,20.3,10.2,95.0,0.7,26.0,20.95,3.99
189,2022-07-02,51,21.2,11.9,92.0,0.5,27.9,17.2,3.84
190,2022-07-03,3,21.3,10.5,94.0,0.0,17.7,19.94,3.75
191,2022-07-04,3,21.5,9.8,93.0,0.0,19.1,23.5,4.4
192,2022-07-05,3,21.8,10.0,94.0,0.0,18.9,18.26,3.74
193,2022-07-06,3,24.0,11.7,86.0,0.0,21.2,16.62,4.04
194,2022-07-07,3,24.1,16.2,80.0,0.0,18.9,21.49,4.58
195,2022-07-08,3,26.9,12.7,95.0,0.0,13.3,27.68,5.55
196,2022-07-09,3,25.7,14.7,87.0,0.0,14.9,26.08,5.27
197,2022-07-10,3,27.5,13.2,92.0,0.0,15.3,27.67,5.62
198,2022-07-11,3,29.8,15.0,76.0,0.0,15.8,25.34,5.86
199,2022-07-12,3,30.2,18.1,70.0,0.0,20.2,17.56,5.06
200,2022-07-13,51,27.1,18.1,86.0,0.4,12.5,20.62,4.8
201,2022-07-14,3,24.4,14.4,98.0,0.0,20.2,23.78,5.26
202,2022-07-15,3,25.0,12.6,77.0,0.0,19.0,23.71,5.17
203,2022-07-16,3,27.1,13.0,89.0,0.0,13.0,27.82,5.32
204,2022-07-17,3,29.5,14.9,81.0,0.0,15.1,25.82,5.86
205,2022-07-18,3,35.1,19.1,55.0,0.0,14.6,27.54,7.26
206,2022-07-19,51,38.0,20.9,72.0,0.9,22.5,26.74,8.52
207,2022-07-20,51,25.7,18.3,91.0,1.7,24.5,18.12,4.07
208,2022-07-21,51,24.1,17.1,81.0,0.8,16.6,13.88,3.39
209,2022-07-22,51,21.9,16.3,88.0,2.4,19.8,16.57,3.69
210,2022-07-23,3,26.2,13.8,97.0,0.0,24.0,21.83,4.67
211,2022-07-24,61,26.7,16.8,88.0,4.1,27.1,24.27,5.4
212,2022-07-25,3,24.1,17.4,87.0,0.0,28.1,16.82,4.26
213,2022-07-26,51,20.9,14.5,84.0,0.2,13.4,12.93,2.8
214,2022-07-27,51,21.1,12.3,96.0,0.1,17.3,15.81,3.58
215,2022-07-28,61,21.5,15.0,79.0,1.6,18.8,17.89,3.92
216,2022-07-29,3,25.8,13.1,90.0,0.0,12.2,23.76,4.73
217,2022-07-30,3,25.7,15.4,88.0,0.0,17.7,15.5,3.92
218,2022-07-31,51,25.6,17.9,90.0,0.6,29.1,13.38,3.3
219,2022-08-01,3,25.4,17.0,84.0,0.0,16.7,14.63,3.42
220,2022-08-02,51,25.4,17.6,93.0,0.2,25.6,14.97,3.35
221,2022-08-03,3,27.1,17.2,96.0,0.0,24.7,16.75,3.93
222,2022-08-04,3,24.3,16.8,79.0,0.0,18.2,18.59,4.54
223,2022-08-05,3,21.8,13.8,64.0,0.0,18.4,19.8,4.94
224,2022-08-06,3,23.2,10.6,85.0,0.0,13.2,25.54,4.78
225,2022-08-07,3,26.2,12.7,94.0,0.0,11.0,25.08,4.95
226,2022-08-08,3,28.0,13.6,89.0,0.0,19.2,20.6,4.53
227,2022-08-09,3,27.5,14.3,98.0,0.0,19.2,24.5,5.29
228,2022-08-10,3,28.7,14.4,94.0,0.0,16.6,24.28,5.43
229,2022-08-11,3,31.4,15.3,94.0,0.0,18.4,24.46,5.98
230,2022-08-12,3,31.8,16.5,85.0,0.0,19.4,24.23,6.48
231,2022-08-13,3,32.9,17.2,81.0,0.0,17.1,23.95,6.36
232,2022-08-14,3,32.0,17.6,84.0,0.0,17.5,19.3,5.6
233,2022-08-15,51,28.7,17.4,79.0,0.7,19.2,17.15,4.5
234,2022-08-16,51,22.7,17.3,95.0,3.6,18.2,10.9,2.21
235,2022-08-17,51,24.0,15.9,97.0,1.1,20.1,15.26,3.25
236,2022-08-18,51,25.2,14.9,97.0,0.6,16.4,15.91,3.47
237,2022-08-19,51,23.3,15.7,94.0,0.9,20.2,19.8,4.19
238,2022-08-20,3,23.4,13.0,93.0,0.0,22.5,15.51,3.6
239,2022-08-21,3,23.7,13.4,95.0,0.0,13.0,17.07,3.27
240,2022-08-22,61,22.1,12.0,99.0,2.7,15.9,11.53,2.41
241,2022-08-23,51,25.4,18.6,96.0,0.5,19.2,11.4,2.6
242,2022-08-24,51,27.2,18.6,95.0,0.6,17.9,14.28,3.37
243,2022-08-25,61,20.9,14.2,96.0,17.1,15.1,8.01,1.55
244,2022-08-26,3,22.9,12.3,98.0,0.0,8.3,16.49,2.97
245,2022-08-27,51,23.3,13.0,100.0,0.3,16.6,18.06,3.41
246,2022-08-28,3,22.4,13.0,94.0,0.0,18.7,15.08,3.16
247,2022-08-29,51,21.4,13.9,92.0,0.1,20.2,13.13,2.97
248,2022-08-30,3,23.2,14.0,87.0,0.0,23.3,11.07,3.04
249,2022-08-31,51,23.3,13.5,85.0,0.2,24.9,15.29,3.88
250,2022-09-01,51,23.9,15.3,88.0,0.7,23.6,11.92,3.19
251,2022-09-02,51,24.3,15.3,94.0,1.0,14.7,11.41,2.45
252,2022-09-03,51,24.2,13.7,99.0,1.4,20.0,14.77,2.99
253,2022-09-04,51,23.6,15.8,94.0,0.4,22.7,12.15,2.97
254,2022-09-05,61,23.7,16.2,94.0,5.8,21.4,13.76,2.87
255,2022-09-06,61,23.1,15.2,97.0,7.8,27.9,10.96,2.23
256,2022-09-07,51,21.1,15.1,93.0,4.7,21.8,13.96,2.52
257,2022-09-08,61,19.5,13.6,95.0,4.3,22.4,11.37,1.88
258,2022-09-09,51,20.0,13.4,96.0,1.1,18.0,12.54,2.2
259,2022-09-10,51,21.0,13.1,98.0,0.8,12.4,12.1,2.19
260,2022-09-11,3,22.6,12.7,100.0,0.0,15.5,13.67,2.6
261,2022-09-12,51,24.8,15.5,92.0,1.0,13.0,13.49,2.75
262,2022-09-13,61,20.3,15.5,96.0,3.9,16.3,6.63,1.34
263,2022-09-14,61,20.8,14.4,96.0,4.0,13.0,14.0,2.51
264,2022-09-15,51,18.6,11.7,94.0,0.8,15.4,10.04,2.21
265,2022-09-16,51,16.2,8.1,92.0,0.1,21.9,16.11,2.87
266,2022-09-17,3,16.4,6.5,78.0,0.0,18.3,17.0,2.96
267,2022-09-18,3,18.0,8.0,94.0,0.0,22.3,12.39,2.41
268,2022-09-19,51,16.9,9.0,91.0,0.3,7.4,8.07,1.51
269,2022-09-20,3,19.1,9.4,97.0,0.0,8.2,12.73,2.16
270,2022-09-21,3,19.2,9.4,96.0,0.0,8.2,11.38,1.99
271,2022-09-22,3,20.0,9.0,97.0,0.0,17.1,12.18,2.41
272,2022-09-23,51,18.3,11.6,97.0,2.6,15.3,7.88,1.54
273,2022-09-24,51,17.5,9.3,95.0,0.2,19.3,11.19,2.15
274,2022-09-25,3,15.9,7.9,93.0,0.0,17.4,11.35,2.18
275,2022-09-26,51,15.5,10.2,90.0,1.7,27.1,7.8,1.92
276,2022-09-27,61,14.2,7.9,85.0,2.4,26.1,7.55,1.74
277,2022-09-28,51,14.7,5.8,97.0,0.1,16.7,12.14,1.82
278,2022-09-29,3,15.8,5.1,98.0,0.0,10.7,12.09,1.77
279,2022-09-30,61,16.5,5.3,100.0,5.5,34.9,7.25,1.48
280,2022-10-01,51,18.6,11.0,91.0,0.1,25.6,12.66,2.5
281,2022-10-02,51,18.0,9.9,93.0,0.4,14.4,9.82,1.78
282,2022-10-03,3,18.2,6.7,100.0,0.0,14.0,7.6,1.4
283,2022-10-04,51,18.2,13.3,95.0,0.3,27.8,6.0,1.5
284,2022-10-05,51,18.7,11.2,87.0,0.9,44.4,4.76,1.89
285,2022-10-06,3,18.1,7.8,90.0,0.0,24.6,11.28,2.19
286,2022-10-07,51,18.3,11.0,92.0,0.5,31.5,10.16,2.04
287,2022-10-08,3,16.1,7.0,93.0,0.0,13.1,11.96,1.86
288,2022-10-09,3,17.5,5.6,95.0,0.0,19.6,12.17,2.05
289,2022-10-10,51,16.2,6.2,91.0,1.5,17.7,9.78,1.69
290,2022-10-11,3,14.7,4.8,100.0,0.0,11.0,11.79,1.58
291,2022-10-12,51,17.2,5.8,95.0,2.0,21.7,8.61,1.56
292,2022-10-13,61,16.4,10.2,98.0,8.6,9.5,8.19,1.24
293,2022-10-14,51,15.2,9.2,99.0,1.2,15.2,2.12,0.55
294,2022-10-15,51,16.7,7.5,100.0,0.2,30.0,8.19,1.75
295,2022-10-16,61,16.6,10.1,92.0,9.8,24.4,7.97,1.8
296,2022-10-17,51,18.2,8.9,96.0,2.5,19.8,7.39,1.46
297,2022-10-18,3,17.5,6.4,100.0,0.0,16.1,10.16,1.51
298,2022-10-19,61,16.2,11.7,93.0,2.4,30.5,8.31,1.42
299,2022-10-20,61,16.7,10.2,98.0,9.9,14.1,4.56,0.75
300,2022-10-21,61,17.7,11.6,97.0,6.1,29.0,6.02,1.4
301,2022-10-22,3,17.5,11.9,93.0,0.0,24.0,7.46,1.3
302,2022-10-23,61,18.5,13.3,93.0,12.7,27.5,4.17,1.09
303,2022-10-24,51,17.4,11.5,93.0,1.5,30.4,7.1,1.36
304,2022-10-25,51,16.9,10.4,93.0,0.2,20.2,7.31,1.26
305,2022-10-26,51,18.8,12.0,95.0,0.6,31.4,6.84,1.51
306,2022-10-27,61,20.2,13.4,95.0,4.0,26.9,5.49,1.12
307,2022-10-28,51,18.5,10.6,96.0,0.1,28.8,6.4,1.3
308,2022-10-29,61,21.4,11.8,95.0,3.0,17.3,5.47,1.15
309,2022-10-30,51,15.7,11.8,93.0,1.3,24.3,2.59,0.76
310,2022-10-31,61,17.1,11.6,95.0,8.7,26.2,6.21,1.14
311,2022-11-01,51,14.7,10.3,83.0,2.1,44.0,4.89,1.55
312,2022-11-02,61,15.3,8.4,89.0,5.3,36.1,5.91,1.8
313,2022-11-03,61,13.3,5.6,95.0,25.4,26.4,2.15,0.47
314,2022-11-04,51,12.4,5.9,94.0,3.0,17.8,7.47,0.91
315,2022-11-05,51,14.0,4.8,95.0,3.3,25.5,1.22,0.47
316,2022-11-06,61,14.2,10.3,95.0,20.0,24.1,1.65,0.59
317,2022-11-07,51,14.6,10.9,88.0,1.4,33.8,1.89,1.0
318,2022-11-08,51,15.3,10.9,88.0,4.7,34.9,4.52,1.43
319,2022-11-09,3,14.1,9.3,89.0,0.0,28.6,5.98,1.19
320,2022-11-10,3,15.4,9.8,89.0,0.0,32.7,4.23,1.16
321,2022-11-11,3,15.8,7.9,99.0,0.0,28.4,4.37,0.94
322,2022-11-12,3,16.4,8.6,99.0,0.0,12.1,6.04,0.78
323,2022-11-13,3,15.4,7.6,100.0,0.0,12.8,5.27,0.64
324,2022-11-14,51,15.2,6.5,100.0,0.3,20.2,2.92,0.47
325,2022-11-15,61,14.0,8.7,90.0,8.9,31.1,1.39,0.63
326,2022-11-16,61,12.2,8.0,93.0,19.7,29.5,4.26,0.79
327,2022-11-17,61,11.4,7.8,95.0,7.4,33.5,2.92,0.8
328,2022-11-18,51,11.4,5.2,92.0,1.4,23.6,4.86,0.89
329,2022-11-19,51,10.6,2.9,97.0,0.3,17.6,3.83,0.49
330,2022-11-20,61,10.6,2.4,97.0,6.1,22.7,4.63,0.65
331,2022-11-21,61,9.2,1.9,98.0,7.9,38.3,0.94,0.52
332,2022-11-22,51,9.9,2.6,100.0,0.1,24.8,4.5,0.56
333,2022-11-23,61,11.5,4.2,97.0,5.8,35.1,3.6,0.92
334,2022-11-24,61,12.6,5.9,88.0,2.9,31.9,3.28,0.82
335,2022-11-25,3,11.7,6.2,94.0,0.0,21.4,4.98,0.73
336,2022-11-26,51,12.3,6.0,96.0,1.2,30.3,3.15,0.64
337,2022-11-27,61,12.8,9.0,95.0,10.5,28.9,1.17,0.32
338,2022-11-28,51,10.5,3.1,100.0,1.5,10.4,3.26,0.38
339,2022-11-29,3,7.3,5.4,100.0,0.0,9.7,1.45,0.24
340,2022-11-30,51,8.8,3.6,100.0,0.1,8.4,2.31,0.3
341,2022-12-01,3,7.0,3.0,100.0,0.0,10.5,3.04,0.28
342,2022-12-02,51,7.7,3.3,100.0,0.3,20.1,2.51,0.37
343,2022-12-03,3,7.5,5.2,83.0,0.0,24.1,1.71,0.77
344,2022-12-04,51,6.0,4.1,89.0,1.6,21.1,1.23,0.5
345,2022-12-05,3,8.3,4.6,89.0,0.0,17.8,2.17,0.5
346,2022-12-06,3,6.5,3.2,94.0,0.0,13.8,4.02,0.38
347,2022-12-07,3,4.6,-2.7,96.0,0.0,11.7,3.86,0.32
348,2022-12-08,3,2.8,-3.9,96.0,0.0,11.5,4.2,0.31
349,2022-12-09,3,2.8,-4.3,96.0,0.0,11.3,3.96,0.28
350,2022-12-10,3,3.0,-3.8,100.0,0.0,11.5,4.11,0.28
351,2022-12-11,75,-0.7,-4.1,100.0,0.0,11.4,2.28,0.16
352,2022-12-12,75,1.5,-2.5,96.0,0.0,12.4,2.17,0.21
353,2022-12-13,3,0.8,-3.1,96.0,0.0,10.9,2.31,0.23
354,2022-12-14,3,0.7,-4.7,96.0,0.0,15.7,3.56,0.27
355,2022-12-15,3,0.8,-5.1,92.0,0.0,11.2,4.19,0.3
356,2022-12-16,3,1.7,-5.4,98.0,0.0,12.3,4.04,0.26
357,2022-12-17,3,5.1,-4.5,96.0,0.0,16.2,3.24,0.33
358,2022-12-18,61,8.6,-3.6,96.0,10.4,30.6,0.55,0.22
359,2022-12-19,61,12.9,8.8,93.0,5.2,37.3,1.11,0.64
360,2022-12-20,51,12.7,4.0,94.0,2.7,32.9,3.84,0.55
361,2022-12-21,51,10.7,3.6,100.0,0.9,20.7,1.97,0.34
362,2022-12-22,51,11.1,5.3,100.0,0.8,18.1,0.91,0.2
363,2022-12-23,61,12.8,7.8,97.0,7.8,25.4,2.1,0.44
364,2022-12-24,3,10.9,5.8,94.0,0.0,21.4,2.9,0.35
365,2022-12-25,51,11.1,8.3,94.0,0.1,21.7,1.88,0.31
366,2022-12-26,3,9.3,3.0,91.0,0.0,25.9,3.97,0.56
367,2022-12-27,51,9.9,2.0,93.0,3.8,36.1,2.21,0.51
368,2022-12-28,51,11.5,9.8,95.0,4.0,37.6,0.51,0.57
369,2022-12-29,51,9.3,4.6,90.0,0.3,33.4,3.46,1.04
370,2022-12-30,61,13.2,4.9,91.0,6.6,35.7,1.03,0.58
371,2022-12-31,61,13.2,9.8,91.0,10.2,35.8,0.71,0.64
372,2023-01-01,51,12.0,8.6,94.0,4.0,31.4,2.35,0.83
373,2023-01-02,51,8.4,1.0,95.0,0.2,15.5,3.27,0.35
374,2023-01-03,51,12.5,2.2,97.0,3.2,37.4,0.99,0.46
375,2023-01-04,51,13.1,10.0,91.0,0.9,35.9,2.94,0.95
376,2023-01-05,51,13.0,7.8,95.0,0.1,31.5,1.78,0.59
377,2023-01-06,51,12.0,5.8,93.0,1.2,32.3,3.29,0.64
378,2023-01-07,51,11.7,7.3,88.0,5.0,36.7,0.9,0.85
379,2023-01-08,51,9.0,4.8,90.0,1.8,28.8,2.61,0.69
380,2023-01-09,51,8.3,3.7,93.0,0.3,26.0,3.84,0.71
381,2023-01-10,61,12.6,3.2,93.0,6.5,36.7,0.51,0.47
382,2023-01-11,61,10.4,6.7,88.0,2.8,34.5,3.61,0.95
383,2023-01-12,51,12.2,7.2,91.0,5.4,40.7,1.25,0.82
384,2023-01-13,3,10.3,5.1,84.0,0.0,33.8,4.62,1.31
385,2023-01-14,61,12.2,5.7,92.0,11.4,40.4,1.08,0.85
386,2023-01-15,3,7.7,0.9,95.0,0.0,29.6,4.72,1.03
387,2023-01-16,75,5.1,-4.1,99.0,12.3,27.9,3.36,0.4
388,2023-01-17,3,2.5,-4.6,97.0,0.0,9.7,4.37,0.36
389,2023-01-18,3,4.6,-2.8,93.0,0.0,17.2,5.04,0.44
390,2023-01-19,3,4.1,-3.2,95.0,0.0,10.9,5.22,0.4
391,2023-01-20,3,6.0,-0.4,93.0,0.0,17.7,5.31,0.5
392,2023-01-21,3,5.4,-2.2,100.0,0.0,11.2,5.37,0.46
393,2023-01-22,3,1.6,-3.6,100.0,0.0,5.4,4.0,0.32
394,2023-01-23,3,3.3,-4.1,97.0,0.0,6.6,4.05,0.36
395,2023-01-24,3,4.8,-1.6,99.0,0.0,9.6,4.77,0.44
396,2023-01-25,51,5.8,-2.3,99.0,1.7,20.2,1.57,0.21
397,2023-01-26,51,7.9,2.8,93.0,0.3,23.7,3.25,0.44
398,2023-01-27,3,7.2,-1.9,95.0,0.0,21.5,3.94,0.61
399,2023-01-28,3,6.1,-2.1,96.0,0.0,11.2,4.67,0.49
400,2023-01-29,3,8.1,0.4,99.0,0.0,25.3,3.38,0.45
401,2023-01-30,3,9.0,1.2,94.0,0.0,23.5,6.23,0.84
402,2023-01-31,51,11.5,1.9,93.0,0.1,25.6,5.25,0.84
403,2023-02-01,3,9.9,3.8,88.0,0.0,31.1,4.87,1.03
404,2023-02-02,51,11.2,4.5,94.0,0.2,27.0,3.81,0.71
405,2023-02-03,3,12.4,5.0,98.0,0.0,22.7,5.49,0.86
406,2023-02-04,51,9.5,6.1,96.0,0.5,13.3,2.11,0.47
407,2023-02-05,3,8.6,-0.7,96.0,0.0,16.9,6.79,0.84
408,2023-02-06,3,8.4,-0.5,100.0,0.0,11.8,7.12,0.72
409,2023-02-07,3,5.9,-1.2,100.0,0.0,10.6,5.74,0.56
410,2023-02-08,3,7.3,-2.9,100.0,0.0,12.0,7.48,0.74
411,2023-02-09,3,9.3,-1.3,95.0,0.0,11.7,6.95,0.8
412,2023-02-10,3,7.9,-2.8,98.0,0.0,16.9,7.37,0.76
413,2023-02-11,3,10.7,6.4,96.0,0.0,12.7,4.16,0.63
414,2023-02-12,3,9.3,5.7,91.0,0.0,12.0,3.66,0.61
415,2023-02-13,3,11.5,2.0,97.0,0.0,12.6,8.67,0.98
416,2023-02-14,3,12.9,0.9,97.0,0.0,13.8,8.86,1.05
417,2023-02-15,3,13.0,1.2,94.0,0.0,19.3,8.12,1.14
418,2023-02-16,61,12.2,7.4,96.0,3.9,24.3,2.14,0.5
419,2023-02-17,51,13.6,9.4,93.0,0.1,36.2,4.22,0.93
420,2023-02-18,51,12.9,8.3,92.0,0.7,27.3,2.51,0.9
421,2023-02-19,3,12.2,6.2,92.0,0.0,18.5,9.11,1.29
422,2023-02-20,3,12.5,6.5,93.0,0.0,27.6,5.64,0.96
423,2023-02-21,51,10.9,4.6,97.0,1.2,13.2,4.73,0.68
424,2023-02-22,51,8.6,3.5,97.0,2.9,12.6,2.7,0.42
425,2023-02-23,51,8.4,2.2,95.0,1.7,23.9,2.87,0.7
426,2023-02-24,3,9.2,-1.1,91.0,0.0,15.2,3.74,0.66
427,2023-02-25,3,7.4,1.7,91.0,0.0,27.0,7.08,1.13
428,2023-02-26,3,7.8,0.7,92.0,0.0,27.6,7.38,1.48
429,2023-02-27,3,7.7,-0.4,83.0,0.0,20.9,4.29,1.12
430,2023-02-28,51,8.0,0.6,95.0,0.7,27.3,4.49,0.9
431,2023-03-01,51,7.3,3.2,93.0,0.6,19.2,4.06,0.71
432,2023-03-02,3,8.9,0.4,93.0,0.0,24.5,10.88,1.31
433,2023-03-03,51,6.4,1.0,93.0,0.4,19.6,4.06,0.78
434,2023-03-04,3,6.9,3.8,86.0,0.0,15.5,4.64,0.85
435,2023-03-05,51,5.0,0.0,94.0,0.3,13.5,6.33,0.91
436,2023-03-06,51,8.9,-1.7,97.0,1.6,22.5,5.41,0.82
437,2023-03-07,61,4.5,-2.0,95.0,4.1,12.9,4.1,0.55
438,2023-03-08,75,2.6,0.3,100.0,5.7,23.3,1.86,0.24
439,2023-03-09,61,11.9,2.3,96.0,5.9,21.0,3.18,0.52
440,2023-03-10,75,8.5,-1.5,97.0,4.0,33.2,6.47,0.78
441,2023-03-11,75,7.9,-3.5,96.0,0.9,16.7,8.69,1.24
442,2023-03-12,51,13.0,5.8,95.0,1.3,32.6,7.02,1.28
443,2023-03-13,51,14.0,9.7,94.0,0.8,50.4,9.81,1.81
444,2023-03-14,75,9.8,3.9,92.0,4.6,26.7,9.77,1.61
445,2023-03-15,51,8.4,-1.0,100.0,2.2,23.4,9.06,1.19
446,2023-03-16,51,14.0,7.7,94.0,1.9,28.1,7.56,1.35
447,2023-03-17,51,13.7,8.2,96.0,1.9,17.4,6.13,0.89
448,2023-03-18,61,13.1,7.8,96.0,4.0,14.0,7.05,1.07
449,2023-03-19,51,10.6,5.4,96.0,1.7,19.7,8.77,1.35
450,2023-03-20,51,12.9,7.3,93.0,3.3,25.6,4.83,0.9
451,2023-03-21,51,14.0,8.6,93.0,1.4,31.1,9.74,1.66
452,2023-03-22,51,14.6,10.1,90.0,2.6,35.0,8.13,1.66
453,2023-03-23,61,13.9,7.9,90.0,8.5,36.2,11.82,1.93
454,2023-03-24,51,12.9,7.4,92.0,1.7,35.4,12.93,1.93
455,2023-03-25,51,13.6,7.6,94.0,0.5,38.5,13.99,2.5
456,2023-03-26,51,8.7,2.4,92.0,8.1,22.2,4.55,0.85
457,2023-03-27,3,9.7,1.9,90.0,0.0,12.3,13.99,1.83
458,2023-03-28,51,9.2,4.2,92.0,1.9,25.8,3.79,1.07
459,2023-03-29,61,14.1,8.1,97.0,3.3,29.6,5.84,1.07
460,2023-03-30,51,15.1,10.2,91.0,3.9,31.8,11.65,1.99
461,2023-03-31,61,13.4,9.9,92.0,12.4,33.7,4.72,1.05
462,2023-04-01,51,11.6,7.9,91.0,1.0,21.2,7.88,1.4
463,2023-04-02,3,11.4,2.4,86.0,0.0,23.0,11.91,1.9
464,2023-04-03,3,11.1,0.4,96.0,0.0,18.5,16.71,2.12
465,2023-04-04,3,12.6,-0.8,96.0,0.0,13.3,20.1,2.54
466,2023-04-05,51,11.8,0.7,96.0,1.4,12.5,10.17,1.57
467,2023-04-06,61,13.4,5.2,96.0,4.5,22.8,10.55,1.49
468,2023-04-07,51,13.8,2.9,93.0,0.2,10.1,18.95,2.61
469,2023-04-08,3,13.7,2.6,100.0,0.0,11.0,15.32,2.19
470,2023-04-09,3,15.4,3.6,100.0,0.0,15.5,18.82,2.78
471,2023-04-10,61,14.3,7.4,93.0,9.1,33.0,8.86,1.76
472,2023-04-11,61,12.6,5.8,89.0,7.5,39.4,13.1,2.09
473,2023-04-12,51,10.6,4.9,87.0,3.2,46.0,16.08,2.07
474,2023-04-13,51,12.3,3.9,86.0,1.0,27.0,21.02,2.94
475,2023-04-14,61,10.0,2.4,94.0,9.3,21.3,8.31,1.24
476,2023-04-15,51,14.3,5.4,97.0,1.1,18.0,12.77,1.89
477,2023-04-16,3,15.1,5.1,96.0,0.0,10.5,9.72,1.69
478,2023-04-17,51,15.9,7.3,95.0,0.5,18.4,15.42,2.31
479,2023-04-18,51,11.9,7.1,92.0,0.2,32.2,12.53,1.85
480,2023-04-19,3,14.9,6.3,92.0,0.0,29.7,18.43,2.78
481,2023-04-20,51,14.7,5.2,90.0,2.3,29.4,20.69,3.07
482,2023-04-21,51,11.3,4.6,97.0,3.3,16.3,11.23,1.52
483,2023-04-22,51,13.4,1.5,100.0,1.5,17.7,15.75,2.29
484,2023-04-23,51,13.1,6.6,92.0,3.9,22.0,8.65,1.43
485,2023-04-24,61,12.0,5.4,96.0,13.8,20.4,12.63,1.86
486,2023-04-25,3,10.3,1.2,89.0,0.0,12.9,19.26,2.48
487,2023-04-26,3,11.6,3.2,89.0,0.0,15.1,12.14,1.99
488,2023-04-27,61,14.1,5.0,93.0,6.7,21.8,8.77,1.74
489,2023-04-28,51,17.4,7.2,97.0,0.7,22.5,12.73,2.08
490,2023-04-29,3,17.6,4.6,100.0,0.0,13.4,21.31,3.19
491,2023-04-30,3,17.1,4.9,99.0,0.0,15.9,16.64,2.71
492,2023-05-01,51,17.0,8.1,97.0,1.0,16.0,15.11,2.4
493,2023-05-02,3,14.0,6.5,96.0,0.0,18.8,10.74,1.79
494,2023-05-03,3,13.9,5.0,94.0,0.0,24.1,24.87,3.23
495,2023-05-04,51,18.9,7.8,93.0,0.9,24.8,16.77,2.73
496,2023-05-05,51,17.7,10.3,95.0,0.7,19.9,17.0,2.72
497,2023-05-06,61,14.9,8.6,98.0,5.6,23.3,7.44,1.24
498,2023-05-07,51,18.7,11.6,98.0,0.7,10.7,14.0,2.38
499,2023-05-08,61,15.8,9.1,99.0,5.0,23.4,9.7,1.67
500,2023-05-09,61,17.2,10.5,97.0,7.7,18.6,14.37,2.2
501,2023-05-10,61,17.5,9.3,97.0,6.2,22.0,20.58,2.92
502,2023-05-11,61,17.0,8.3,97.0,3.7,9.4,18.38,2.78
503,2023-05-12,51,12.8,8.8,100.0,1.9,32.0,7.96,1.37
504,2023-05-13,3,15.5,8.1,97.0,0.0,20.2,14.22,2.09
505,2023-05-14,51,19.1,6.9,99.0,0.7,11.5,20.54,3.21
506,2023-05-15,51,14.8,6.2,93.0,0.5,23.7,18.17,2.98
507,2023-05-16,51,16.8,5.2,95.0,0.2,21.9,22.4,3.37
508,2023-05-17,51,17.2,5.9,97.0,0.4,11.1,19.56,3.06
509,2023-05-18,51,17.7,8.9,92.0,0.2,14.1,20.8,3.35
510,2023-05-19,51,17.1,7.7,91.0,1.1,15.9,16.34,2.66
511,2023-05-20,51,18.7,6.7,93.0,0.1,22.9,23.97,3.91
512,2023-05-21,3,18.0,7.4,91.0,0.0,25.0,18.66,3.27
513,2023-05-22,3,19.3,9.3,85.0,0.0,24.2,19.36,3.53
514,2023-05-23,3,16.9,8.5,91.0,0.0,16.7,19.94,3.27
515,2023-05-24,3,20.9,7.5,97.0,0.0,14.9,23.16,3.9
516,2023-05-25,3,18.1,8.3,97.0,0.0,16.6,18.67,3.21
517,2023-05-26,3,17.8,7.8,93.0,0.0,20.9,27.61,4.13
518,2023-05-27,3,19.1,7.5,96.0,0.0,18.2,26.65,4.03
519,2023-05-28,3,20.9,6.3,96.0,0.0,25.3,27.36,4.85
520,2023-05-29,3,17.0,7.9,88.0,0.0,26.6,26.0,4.1
521,2023-05-30,3,16.7,8.2,85.0,0.0,27.1,21.08,3.61
522,2023-05-31,3,18.7,10.9,84.0,0.0,23.9,17.27,3.11
523,2023-06-01,3,18.1,10.2,82.0,0.0,23.0,22.49,3.77
524,2023-06-02,3,17.8,10.1,81.0,0.0,22.7,22.83,3.97
525,2023-06-03,3,21.5,7.5,95.0,0.0,21.9,24.02,4.36
526,2023-06-04,3,21.1,8.5,88.0,0.0,18.5,29.18,4.79
527,2023-06-05,3,18.0,8.0,94.0,0.0,20.4,23.05,3.77
528,2023-06-06,51,16.6,10.5,80.0,0.1,21.9,18.08,3.27
529,2023-06-07,3,20.4,8.5,90.0,0.0,19.7,28.51,4.5
530,2023-06-08,3,21.2,8.6,94.0,0.0,21.9,28.95,4.76
531,2023-06-09,3,24.0,10.8,85.0,0.0,22.9,28.86,5.2
532,2023-06-10,3,28.5,14.2,89.0,0.0,19.5,26.75,5.87
533,2023-06-11,3,30.0,15.5,93.0,0.0,11.5,24.77,5.07
534,2023-06-12,61,26.9,16.0,93.0,5.7,13.3,24.46,4.68
535,2023-06-13,3,27.1,13.2,84.0,0.0,24.4,29.41,6.15
536,2023-06-14,3,26.8,10.8,88.0,0.0,18.8,28.77,5.78
537,2023-06-15,3,26.0,11.7,95.0,0.0,17.3,26.12,5.25
538,2023-06-16,3,25.6,12.0,93.0,0.0,17.4,28.83,5.58
539,2023-06-17,51,24.1,12.3,87.0,2.1,13.8,22.91,4.38
540,2023-06-18,61,24.6,15.3,94.0,16.9,18.9,14.86,2.92
541,2023-06-19,51,22.9,14.1,96.0,0.9,21.6,24.57,4.31
542,2023-06-20,61,22.6,14.9,96.0,5.9,24.3,17.54,3.31
543,2023-06-21,51,23.5,14.9,96.0,1.0,16.5,24.22,4.53
544,2023-06-22,3,26.5,13.4,99.0,0.0,15.8,26.31,5.05
545,2023-06-23,3,25.8,14.7,95.0,0.0,17.9,25.69,5.16
546,2023-06-24,51,26.4,14.9,97.0,0.2,14.4,19.95,4.04
547,2023-06-25,51,29.1,15.0,86.0,0.1,27.8,28.91,6.64
548,2023-06-26,3,22.4,13.6,88.0,0.0,23.5,20.94,4.92
549,2023-06-27,3,21.9,14.1,83.0,0.0,20.5,14.75,3.61
550,2023-06-28,51,24.4,16.7,90.0,0.5,15.5,11.51,2.86
551,2023-06-29,61,22.1,15.8,94.0,5.5,15.7,19.08,3.68
552,2023-06-30,51,18.7,11.4,94.0,0.6,33.2,11.89,2.71
553,2023-07-01,51,21.7,16.0,89.0,0.2,24.4,18.5,4.24
554,2023-07-02,3,19.8,11.9,85.0,0.0,27.7,23.2,4.82
555,2023-07-03,51,19.4,11.7,86.0,0.7,33.5,17.0,3.9
556,2023-07-04,61,18.9,13.1,95.0,14.8,18.4,11.51,2.39
557,2023-07-05,61,19.4,10.8,92.0,4.4,23.8,23.79,4.16
558,2023-07-06,3,20.8,10.8,94.0,0.0,20.3,22.94,4.23
559,2023-07-07,3,27.8,11.3,83.0,0.0,17.9,28.64,6.04
560,2023-07-08,61,24.5,18.5,88.0,12.6,20.9,15.03,3.26
561,2023-07-09,61,22.5,15.4,97.0,4.9,22.1,14.98,3.14
562,2023-07-10,3,23.0,13.0,95.0,0.0,29.6,20.9,4.39
563,2023-07-11,51,22.7,16.1,89.0,4.0,27.5,17.31,3.9
564,2023-07-12,51,21.1,13.6,95.0,1.0,26.1,22.32,4.24
565,2023-07-13,51,21.4,12.9,93.0,0.5,22.1,20.37,4.02
566,2023-07-14,61,19.7,13.6,95.0,7.8,31.5,5.64,1.52
567,2023-07-15,51,19.7,14.9,93.0,1.4,43.9,20.51,3.75
568,2023-07-16,3,20.4,14.1,83.0,0.0,31.8,21.1,4.43
569,2023-07-17,51,21.2,12.3,93.0,0.6,22.5,20.76,3.85
570,2023-07-18,51,22.0,11.3,95.0,0.1,18.4,18.93,3.8
571,2023-07-19,51,22.6,14.0,92.0,0.4,20.0,21.95,4.14
572,2023-07-20,51,22.3,11.7,92.0,0.1,14.2,24.33,4.46
573,2023-07-21,51,20.0,11.6,87.0,0.1,17.7,17.66,3.56
574,2023-07-22,61,18.5,12.8,91.0,10.7,31.4,8.06,1.76
575,2023-07-23,51,22.6,15.3,92.0,0.9,30.1,19.3,3.82
576,2023-07-24,51,17.6,13.4,94.0,2.3,19.6,9.99,1.87
577,2023-07-25,51,19.8,12.1,96.0,0.7,17.6,22.75,3.89
578,2023-07-26,61,21.2,9.5,97.0,10.0,22.1,19.24,3.59
579,2023-07-27,61,21.6,16.3,94.0,5.1,27.4,10.26,2.15
580,2023-07-28,51,22.6,15.9,95.0,0.2,20.9,14.19,2.92
581,2023-07-29,51,21.9,14.6,92.0,0.7,26.1,21.45,4.17
582,2023-07-30,51,20.9,14.3,88.0,3.2,30.4,14.04,2.87
583,2023-07-31,61,21.0,15.0,90.0,2.6,27.9,10.44,2.36
584,2023-08-01,61,21.9,13.8,92.0,2.0,24.9,18.0,3.69
585,2023-08-02,61,19.5,14.8,95.0,16.8,32.3,11.51,2.2
586,2023-08-03,51,21.1,13.8,91.0,0.1,18.9,17.17,3.21
587,2023-08-04,51,19.5,12.9,94.0,0.4,16.9,14.64,2.78
588,2023-08-05,61,18.5,13.3,88.0,18.2,29.9,8.51,1.77
589,2023-08-06,51,18.6,10.6,89.0,0.9,24.5,20.35,3.44
590,2023-08-07,3,20.3,10.5,94.0,0.0,18.4,19.86,3.66
591,2023-08-08,51,17.5,11.0,95.0,2.4,23.2,5.21,1.17
592,2023-08-09,3,24.1,10.8,97.0,0.0,11.1,22.5,3.92
593,2023-08-10,3,25.7,12.7,98.0,0.0,16.6,21.79,4.14
594,2023-08-11,51,24.1,16.1,92.0,0.6,22.5,14.94,3.15
595,2023-08-12,51,21.0,13.9,96.0,0.5,32.6,16.5,3.27
596,2023-08-13,51,21.9,15.2,91.0,0.3,25.8,16.68,3.45
597,2023-08-14,61,21.7,15.2,95.0,3.8,31.5,13.35,2.59
598,2023-08-15,51,22.2,12.5,95.0,0.2,17.3,18.56,3.37
599,2023-08-16,51,24.7,12.6,95.0,0.2,16.2,20.42,3.93
600,2023-08-17,51,23.0,14.9,96.0,0.1,23.4,21.65,3.9
601,2023-08-18,61,24.8,16.1,93.0,4.2,22.3,14.12,2.77
602,2023-08-19,51,23.4,15.6,93.0,0.2,27.8,18.58,3.72
603,2023-08-20,51,24.1,14.9,98.0,0.4,19.1,18.29,3.59
604,2023-08-21,3,24.8,13.4,99.0,0.0,20.7,17.45,3.46
605,2023-08-22,3,24.4,14.6,97.0,0.0,18.6,17.89,3.63
606,2023-08-23,3,25.5,12.5,99.0,0.0,7.6,19.48,3.46
607,2023-08-24,51,25.2,15.5,93.0,1.3,14.0,13.96,2.92
608,2023-08-25,51,20.2,13.4,92.0,0.1,18.5,17.19,3.45
609,2023-08-26,51,19.4,11.5,98.0,1.2,17.2,14.22,2.49
610,2023-08-27,51,19.7,10.4,94.0,0.2,20.3,17.66,3.11
611,2023-08-28,51,20.6,10.8,95.0,0.2,15.5,15.09,2.77
612,2023-08-29,3,20.5,10.7,95.0,0.0,17.4,13.47,2.77
613,2023-08-30,51,19.7,11.0,91.0,0.3,21.0,18.08,3.37
614,2023-08-31,51,18.2,10.1,98.0,1.3,14.6,6.98,1.46
615,2023-09-01,51,22.1,14.0,98.0,1.4,8.5,11.31,2.03
616,2023-09-02,51,23.3,15.4,99.0,0.4,15.6,13.62,2.64
617,2023-09-03,3,24.8,13.0,100.0,0.0,12.4,18.66,3.32
618,2023-09-04,3,27.4,15.1,97.0,0.0,18.9,19.79,4.05
619,2023-09-05,3,27.8,15.8,93.0,0.0,16.9,19.4,4.02
620,2023-09-06,3,29.9,14.8,97.0,0.0,10.5,18.68,3.71
621,2023-09-07,3,30.0,17.3,98.0,0.0,13.7,19.13,3.98
622,2023-09-08,3,29.6,17.9,83.0,0.0,8.6,14.3,3.12
623,2023-09-09,3,31.4,17.6,96.0,0.0,7.6,18.1,3.59
624,2023-09-10,61,30.8,18.2,98.0,1.6,20.9,15.12,3.55
625,2023-09-11,3,24.9,17.0,98.0,0.0,18.6,13.02,3.07
626,2023-09-12,51,23.1,16.3,94.0,2.9,18.4,12.53,2.45
627,2023-09-13,51,19.9,12.2,88.0,0.1,19.5,13.48,2.48
628,2023-09-14,3,22.3,12.1,98.0,0.0,12.8,16.43,2.98
629,2023-09-15,3,24.9,10.9,100.0,0.0,13.5,15.51,3.03
630,2023-09-16,3,25.9,12.5,100.0,0.0,17.1,14.28,3.1
631,2023-09-17,61,21.1,14.9,96.0,4.9,26.3,8.35,1.71
632,2023-09-18,61,19.1,14.0,94.0,7.2,32.3,10.34,2.38
633,2023-09-19,51,19.4,13.4,83.0,0.4,45.6,6.57,2.27
634,2023-09-20,61,20.5,14.6,92.0,27.4,48.5,5.49,1.93
635,2023-09-21,61,17.7,10.7,97.0,5.4,17.1,11.96,1.87
636,2023-09-22,51,17.6,8.7,99.0,1.5,19.1,13.98,2.11
637,2023-09-23,3,17.2,8.3,93.0,0.0,16.1,13.09,2.37
638,2023-09-24,3,20.2,12.9,80.0,0.0,30.6,7.72,2.51
639,2023-09-25,51,21.6,14.1,95.0,0.2,24.7,13.98,2.89
640,2023-09-26,61,22.4,13.4,96.0,1.8,25.7,10.53,2.21
641,2023-09-27,3,21.6,13.3,98.0,0.0,28.7,7.86,2.04
642,2023-09-28,51,19.5,13.5,92.0,0.4,26.4,8.43,2.15
643,2023-09-29,51,19.1,12.9,94.0,2.1,20.1,14.11,2.53
644,2023-09-30,3,19.1,10.4,96.0,0.0,19.0,9.54,1.89
645,2023-10-01,3,22.6,15.5,97.0,0.0,22.4,7.46,1.63
646,2023-10-02,61,22.5,14.4,99.0,4.1,25.9,5.94,1.23
647,2023-10-03,51,17.7,12.4,94.0,0.3,25.0,11.96,2.31
648,2023-10-04,3,17.8,10.6,94.0,0.0,25.1,8.96,1.87
649,2023-10-05,51,18.6,11.9,90.0,0.2,22.1,8.59,1.97
650,2023-10-06,3,21.0,13.5,94.0,0.0,24.6,10.96,2.2
651,2023-10-07,3,23.0,13.8,92.0,0.0,21.9,11.38,2.39
652,2023-10-08,3,23.3,12.7,96.0,0.0,12.2,11.17,2.09
653,2023-10-09,3,23.2,12.6,94.0,0.0,11.0,11.26,1.97
654,2023-10-10,3,21.4,12.4,94.0,0.0,20.6,11.21,2.01
655,2023-10-11,51,20.6,14.2,94.0,1.5,25.3,6.0,1.54
656,2023-10-12,61,16.1,13.1,97.0,15.5,16.9,2.22,0.52
657,2023-10-13,61,20.6,9.9,94.0,13.3,38.3,6.26,1.87
658,2023-10-14,51,13.4,6.7,89.0,0.3,20.7,10.5,1.62
659,2023-10-15,3,10.5,4.3,90.0,0.0,14.2,11.48,1.48
660,2023-10-16,3,12.0,2.4,95.0,0.0,19.1,6.71,1.07
661,2023-10-17,3,14.5,9.9,77.0,0.0,27.8,10.22,2.26
662,2023-10-18,61,16.7,10.2,94.0,7.3,33.2,2.62,0.94
663,2023-10-19,61,17.8,14.4,94.0,7.3,28.7,4.45,0.98
664,2023-10-20,61,16.1,11.9,96.0,9.9,17.9,4.9,0.84
665,2023-10-21,61,16.2,8.9,94.0,3.4,21.8,5.99,1.0
666,2023-10-22,3,15.1,6.7,96.0,0.0,12.7,8.94,1.27
667,2023-10-23,51,15.0,6.9,98.0,0.8,16.3,5.8,0.97
668,2023-10-24,51,14.2,7.3,98.0,3.2,17.4,7.82,1.06
669,2023-10-25,51,13.9,8.0,96.0,0.8,16.2,5.89,0.82
670,2023-10-26,61,15.7,7.3,99.0,2.6,18.2,6.89,1.05
671,2023-10-27,51,14.3,7.2,100.0,1.7,17.8,6.4,0.91
672,2023-10-28,61,15.3,9.0,96.0,10.6,26.1,7.32,1.19
673,2023-10-29,61,12.4,9.1,92.0,5.8,24.7,4.11,0.8
674,2023-10-30,51,14.5,6.6,98.0,0.8,18.4,6.52,0.99
675,2023-10-31,51,14.1,6.6,99.0,2.5,15.2,5.54,0.74
676,2023-11-01,61,13.6,9.6,93.0,11.2,32.0,4.61,1.12
677,2023-11-02,61,11.6,8.9,91.0,17.9,42.8,1.78,0.79
678,2023-11-03,61,13.2,7.0,93.0,5.7,27.2,6.17,1.15
679,2023-11-04,61,12.6,5.1,95.0,5.5,26.5,4.3,0.69
680,2023-11-05,51,12.6,6.1,99.0,0.1,29.6,6.81,1.13
681,2023-11-06,3,12.7,6.4,93.0,0.0,25.6,6.82,1.01
682,2023-11-07,51,11.9,5.4,94.0,0.1,26.0,6.11,0.82
683,2023-11-08,51,13.0,5.9,96.0,3.3,35.8,1.01,0.45
684,2023-11-09,51,10.6,5.8,92.0,0.1,23.5,4.91,0.96
685,2023-11-10,51,9.4,4.2,94.0,1.7,20.3,3.65,0.55
686,2023-11-11,3,10.2,2.8,98.0,0.0,14.5,6.59,0.68
687,2023-11-12,51,9.3,3.4,96.0,2.0,12.4,1.74,0.32
688,2023-11-13,61,14.8,8.6,94.0,12.5,37.6,4.61,1.48
689,2023-11-14,61,12.4,8.8,91.0,6.1,28.0,1.89,0.68
690,2023-11-15,3,11.7,4.6,95.0,0.0,27.4,5.94,0.9
691,2023-11-16,51,7.6,3.6,98.0,3.0,13.8,1.28,0.24
692,2023-11-17,51,10.3,3.5,96.0,1.3,14.6,5.54,0.57
693,2023-11-18,51,14.7,8.2,95.0,5.4,26.1,0.87,0.41
694,2023-11-19,3,13.9,10.3,88.0,0.0,30.4,3.33,1.27
695,2023-11-20,51,11.8,7.7,91.0,3.0,22.3,3.38,0.64
696,2023-11-21,51,11.2,5.5,95.0,0.7,21.9,1.83,0.54
697,2023-11-22,3,9.9,3.1,100.0,0.0,15.7,2.79,0.41
698,2023-11-23,51,12.2,8.5,92.0,0.2,25.4,3.59,0.81
699,2023-11-24,51,10.0,2.0,77.0,0.1,25.3,3.24,1.17
700,2023-11-25,3,5.3,-0.4,94.0,0.0,13.4,5.18,0.54
701,2023-11-26,61,9.9,-0.8,99.0,4.9,18.0,1.02,0.22
702,2023-11-27,61,9.7,5.0,96.0,5.1,22.4,1.88,0.37
703,2023-11-28,3,6.6,0.6,95.0,0.0,19.5,4.5,0.43
704,2023-11-29,3,4.4,-1.1,99.0,0.0,10.0,4.24,0.37
705,2023-11-30,3,4.5,-2.7,96.0,0.0,19.1,3.31,0.39
706,2023-12-01,3,4.1,-2.6,94.0,0.0,17.4,3.77,0.35
707,2023-12-02,3,-0.3,-3.8,99.0,0.0,13.5,2.48,0.18
708,2023-12-03,75,7.7,0.6,96.0,6.2,21.1,1.79,0.28
709,2023-12-04,61,7.9,5.7,95.0,7.8,25.4,1.26,0.34
710,2023-12-05,51,6.3,2.8,96.0,2.5,18.8,1.13,0.23
711,2023-12-06,3,4.4,0.8,100.0,0.0,12.7,3.87,0.29
712,2023-12-07,51,8.8,4.6,94.0,5.7,28.0,0.76,0.41
713,2023-12-08,3,10.9,5.6,96.0,0.0,21.4,3.86,0.52
714,2023-12-09,61,13.9,7.4,93.0,7.9,33.6,1.54,0.84
715,2023-12-10,61,11.8,7.0,90.0,2.1,35.0,1.03,0.95
716,2023-12-11,3,10.8,4.7,96.0,0.0,38.0,3.92,0.84
717,2023-12-12,61,11.4,7.2,96.0,7.3,21.3,1.77,0.3
718,2023-12-13,51,8.0,5.8,95.0,0.5,31.3,1.12,0.47
719,2023-12-14,51,7.5,1.7,98.0,0.9,15.6,0.61,0.19
720,2023-12-15,3,8.2,2.5,98.0,0.0,12.9,3.72,0.32
721,2023-12-16,3,11.3,4.9,99.0,0.0,21.2,1.19,0.25
722,2023-12-17,3,10.8,6.7,94.0,0.0,30.6,3.57,0.54
723,2023-12-18,3,11.9,7.7,94.0,0.0,25.0,1.51,0.49
724,2023-12-19,61,12.3,5.2,96.0,12.7,26.1,0.33,0.3
725,2023-12-20,3,11.0,5.0,90.0,0.0,27.3,2.29,0.74
726,2023-12-21,51,13.5,8.3,85.0,0.3,35.3,1.87,1.41
727,2023-12-22,51,11.2,8.3,84.0,0.3,33.6,1.58,1.3
728,2023-12-23,3,11.1,7.8,84.0,0.0,30.3,3.15,1.02
729,2023-12-24,51,13.3,10.6,89.0,1.2,33.8,1.07,0.82
730,2023-12-25,51,12.9,10.4,93.0,3.2,29.5,1.08,0.61
731,2023-12-26,51,9.5,4.1,94.0,0.2,23.7,3.16,0.53
732,2023-12-27,61,12.0,6.7,94.0,6.3,40.2,0.43,0.65
733,2023-12-28,51,11.7,9.0,86.0,0.4,40.5,2.97,1.37
734,2023-12-29,51,10.6,5.9,89.0,1.5,28.2,2.26,0.82
735,2023-12-30,51,11.5,5.2,91.0,3.6,37.0,1.74,0.69
736,2023-12-31,61,10.3,6.5,89.0,7.6,40.7,3.15,0.97
737,2024-01-01,61,11.0,5.9,91.0,10.5,30.6,2.39,0.87
738,2024-01-02,61,12.9,8.5,95.0,7.4,52.3,0.56,0.7
739,2024-01-03,61,10.4,6.3,93.0,2.3,25.9,2.71,0.62
740,2024-01-04,61,8.3,5.0,98.0,30.3,27.4,2.3,0.34
741,2024-01-05,51,7.1,4.5,96.0,2.1,33.7,2.04,0.39
742,2024-01-06,51,6.4,3.8,94.0,0.1,16.6,2.38,0.36
743,2024-01-07,3,4.8,1.5,86.0,0.0,22.2,4.09,0.82
744,2024-01-08,75,3.4,0.8,74.0,0.4,27.6,3.08,0.9
745,2024-01-09,3,4.1,0.7,77.0,0.0,31.4,3.79,0.95
746,2024-01-10,3,4.8,0.5,89.0,0.0,22.5,4.53,0.82
747,2024-01-11,3,5.6,-0.8,92.0,0.0,24.0,3.47,0.43
748,2024-01-12,3,6.9,3.9,95.0,0.0,18.1,1.85,0.4
749,2024-01-13,3,4.3,1.6,95.0,0.0,10.7,2.54,0.31
750,2024-01-14,51,5.8,1.7,97.0,1.6,17.1,2.96,0.41
751,2024-01-15,3,2.5,-3.9,94.0,0.0,18.8,5.09,0.51
752,2024-01-16,3,3.9,-4.4,93.0,0.0,11.8,5.01,0.52
753,2024-01-17,3,2.5,-3.1,94.0,0.0,19.9,1.9,0.35
754,2024-01-18,3,2.6,-5.0,87.0,0.0,15.3,5.35,0.6
755,2024-01-19,3,4.8,-3.7,90.0,0.0,13.7,5.32,0.54
756,2024-01-20,3,5.2,-0.9,88.0,0.0,26.9,3.15,0.94
757,2024-01-21,51,11.8,4.2,88.0,2.2,49.3,3.64,1.25
758,2024-01-22,61,12.5,6.6,91.0,5.1,50.1,4.95,1.38
759,2024-01-23,51,13.0,4.1,93.0,2.9,37.4,0.7,0.53
760,2024-01-24,51,12.3,5.8,95.0,0.1,36.1,5.03,1.21
761,2024-01-25,51,11.9,3.7,98.0,0.1,27.6,1.98,0.39
762,2024-01-26,51,12.1,2.3,93.0,1.6,33.2,6.11,1.1
763,2024-01-27,3,8.5,-0.3,94.0,0.0,18.7,4.16,0.58
764,2024-01-28,3,10.8,1.4,92.0,0.0,13.7,5.52,0.68
765,2024-01-29,3,12.9,8.5,95.0,0.0,25.4,4.71,0.78
766,2024-01-30,3,12.1,5.0,91.0,0.0,27.9,1.7,0.71
767,2024-01-31,51,11.0,3.3,97.0,0.5,29.0,4.5,0.9
768,2024-02-01,51,10.9,2.4,94.0,0.1,19.1,6.52,0.76
769,2024-02-02,3,12.6,3.0,92.0,0.0,31.8,3.92,0.87
770,2024-02-03,51,12.8,10.3,90.0,0.7,27.1,2.35,0.77
771,2024-02-04,51,13.3,9.0,90.0,0.1,35.4,2.46,0.97
772,2024-02-05,3,11.6,7.4,89.0,0.0,37.2,3.15,1.16
773,2024-02-06,61,13.3,10.6,90.0,8.1,38.7,3.19,1.29
774,2024-02-07,61,9.6,3.9,95.0,10.0,20.1,3.18,0.51
775,2024-02-08,61,12.3,3.0,97.0,16.5,25.3,1.76,0.37
776,2024-02-09,61,12.6,9.3,93.0,7.8,32.8,4.19,0.74
777,2024-02-10,51,11.4,7.1,97.0,2.1,12.5,3.1,0.52
778,2024-02-11,61,10.6,4.1,98.0,7.3,19.5,6.7,0.81
779,2024-02-12,3,9.1,2.0,97.0,0.0,16.3,8.66,1.06
780,2024-02-13,51,11.4,4.2,94.0,2.6,27.6,1.75,0.52
781,2024-02-14,51,13.9,10.7,95.0,2.6,26.8,2.8,0.6
782,2024-02-15,51,16.7,10.6,95.0,0.7,19.0,6.22,1.07
783,2024-02-16,51,13.0,6.7,96.0,2.0,23.8,6.36,1.04
784,2024-02-17,51,13.4,5.6,96.0,1.7,27.2,2.76,0.63
785,2024-02-18,61,14.9,7.8,95.0,12.2,27.2,6.01,0.94
786,2024-02-19,61,13.3,6.2,100.0,2.2,21.5,6.66,1.09
787,2024-02-20,51,11.9,5.5,97.0,0.1,30.0,3.11,0.74
788,2024-02-21,51,12.0,8.9,92.0,3.5,36.1,1.91,0.58
789,2024-02-22,61,11.7,3.3,96.0,11.5,33.4,2.37,0.58
790,2024-02-23,75,8.5,1.7,95.0,1.5,23.5,8.02,1.06
791,2024-02-24,51,8.1,-1.5,100.0,1.6,8.7,8.32,0.91
792,2024-02-25,51,9.0,-0.1,100.0,3.6,33.6,6.54,0.86
793,2024-02-26,51,8.7,3.3,92.0,0.7,43.7,7.12,1.51
794,2024-02-27,51,7.6,1.9,98.0,0.5,15.0,5.19,0.79
795,2024-02-28,51,10.9,5.6,99.0,1.3,25.1,3.53,0.65
796,2024-02-29,61,10.9,5.6,95.0,8.3,26.1,2.04,0.46
797,2024-03-01,75,8.4,3.2,94.0,6.5,34.9,8.22,1.12
798,2024-03-02,51,8.1,1.2,94.0,2.2,27.0,8.06,1.07
799,2024-03-03,3,9.1,-0.9,100.0,0.0,12.0,8.44,1.03
800,2024-03-04,51,11.2,-0.7,99.0,1.1,23.3,8.9,1.45
801,2024-03-05,51,10.7,3.9,98.0,1.8,18.8,6.98,0.97
802,2024-03-06,3,10.6,2.2,100.0,0.0,9.7,8.54,1.08
803,2024-03-07,51,10.5,3.0,99.0,0.3,25.6,9.9,1.22
804,2024-03-08,3,9.6,3.8,92.0,0.0,28.0,13.39,1.63
805,2024-03-09,51,12.8,6.5,89.0,0.4,24.5,11.05,1.65
806,2024-03-10,61,9.2,7.2,96.0,8.6,17.9,2.5,0.46
807,2024-03-11,51,10.4,6.7,96.0,1.9,19.8,4.64,0.85
808,2024-03-12,61,13.5,6.4,94.0,13.3,22.0,2.15,0.53
809,2024-03-13,51,13.2,10.1,93.0,0.5,31.4,5.05,1.08
810,2024-03-14,51,16.3,8.4,93.0,1.2,28.1,8.71,1.53
811,2024-03-15,51,14.4,9.4,92.0,1.3,31.8,9.38,1.55
812,2024-03-16,51,13.4,5.2,94.0,1.3,18.5,9.57,1.62
813,2024-03-17,61,15.3,9.3,96.0,6.4,20.5,5.29,0.94
814,2024-03-18,51,14.6,7.7,98.0,0.2,21.9,7.27,1.28
815,2024-03-19,51,12.5,9.8,92.0,0.2,23.2,3.89,0.91
816,2024-03-20,51,16.2,9.7,94.0,0.8,11.8,8.88,1.48
817,2024-03-21,3,14.5,5.9,100.0,0.0,22.1,6.88,1.23
818,2024-03-22,51,11.8,5.1,89.0,0.4,19.7,4.36,1.21
819,2024-03-23,75,9.8,3.4,82.0,1.1,32.0,14.57,2.16
820,2024-03-24,3,11.5,4.1,91.0,0.0,32.3,12.75,2.25
821,2024-03-25,51,11.7,3.2,96.0,0.9,22.3,6.85,1.48
822,2024-03-26,61,13.8,6.2,94.0,11.9,25.3,10.43,1.67
823,2024-03-27,61,11.1,5.1,91.0,2.9,35.0,11.19,1.5
824,2024-03-28,61,10.5,4.6,90.0,10.2,44.7,8.94,1.54
825,2024-03-29,61,13.0,6.7,91.0,5.0,31.6,12.5,1.87
826,2024-03-30,3,14.2,3.8,96.0,0.0,14.2,16.08,2.3
827,2024-03-31,61,12.1,5.1,97.0,2.0,25.3,8.24,1.21
828,2024-04-01,51,13.5,6.7,97.0,4.3,21.8,15.49,2.06
829,2024-04-02,61,14.3,8.0,92.0,4.3,27.1,9.09,1.65
830,2024-04-03,51,14.0,9.6,93.0,0.7,35.3,9.41,1.79
831,2024-04-04,61,14.9,9.4,93.0,3.6,32.8,12.27,1.99
832,2024-04-05,61,16.6,11.9,92.0,5.4,37.7,13.3,2.37
833,2024-04-06,51,19.5,13.3,83.0,0.1,36.1,16.03,3.77
834,2024-04-07,3,15.4,9.8,85.0,0.0,44.7,15.08,2.85
835,2024-04-08,51,17.1,8.7,94.0,1.7,22.0,13.67,2.25
836,2024-04-09,51,11.8,6.5,82.0,0.5,40.3,10.88,2.21
837,2024-04-10,51,12.9,4.6,95.0,1.7,32.2,8.49,1.41
838,2024-04-11,51,18.4,12.2,93.0,0.4,23.4,10.21,1.9
839,2024-04-12,3,19.5,9.8,94.0,0.0,26.2,17.87,2.97
840,2024-04-13,3,18.7,9.9,94.0,0.0,23.8,18.69,3.09
841,2024-04-14,3,13.8,7.1,95.0,0.0,19.7,16.11,2.75
842,2024-04-15,61,11.5,6.6,87.0,4.6,38.4,15.09,2.67
843,2024-04-16,75,13.1,4.8,92.0,4.4,32.1,17.7,2.55
844,2024-04-17,51,11.3,4.3,93.0,0.5,23.2,18.31,2.61
845,2024-04-18,51,12.7,3.2,93.0,1.1,21.0,16.07,2.7
846,2024-04-19,51,13.7,7.5,88.0,1.0,28.8,11.66,2.15
847,2024-04-20,51,10.3,3.3,85.0,0.2,24.2,14.11,2.28
848,2024-04-21,3,10.6,3.7,84.0,0.0,26.9,13.53,2.3
849,2024-04-22,51,8.2,3.0,92.0,1.0,11.9,8.06,1.19
850,2024-04-23,51,10.9,4.8,94.0,1.5,21.7,8.36,1.38
851,2024-04-24,3,9.2,2.5,90.0,0.0,21.1,12.38,2.04
852,2024-04-25,61,12.1,1.3,93.0,4.2,18.0,13.96,2.0
853,2024-04-26,3,11.9,2.1,99.0,0.0,13.1,14.56,2.12
854,2024-04-27,61,12.2,6.7,94.0,9.2,22.8,8.24,1.47
855,2024-04-28,61,11.4,6.3,96.0,12.3,27.1,7.9,1.27
856,2024-04-29,51,14.7,5.8,93.0,0.3,27.7,18.12,2.82
857,2024-04-30,51,17.5,7.3,96.0,0.4,25.2,23.17,3.45
858,2024-05-01,51,19.2,8.1,100.0,0.1,15.2,19.03,3.09
859,2024-05-02,51,19.7,10.6,93.0,3.3,22.4,14.89,2.54
860,2024-05-03,51,12.7,8.6,93.0,8.2,24.7,6.11,1.07
861,2024-05-04,61,15.5,6.9,97.0,2.7,13.1,19.21,2.79
862,2024-05-05,51,16.6,6.1,97.0,0.3,17.8,14.6,2.31
863,2024-05-06,61,15.3,7.8,100.0,9.9,15.8,6.97,1.19
864,2024-05-07,51,19.2,8.7,96.0,0.3,15.0,22.37,3.42
865,2024-05-08,3,19.5,8.0,100.0,0.0,9.9,22.42,3.47
866,2024-05-09,3,22.0,9.2,95.0,0.0,11.4,24.97,3.99
867,2024-05-10,3,22.2,10.0,93.0,0.0,17.4,24.55,4.26
868,2024-05-11,3,21.0,9.3,96.0,0.0,20.9,25.59,4.09
869,2024-05-12,3,24.9,12.1,93.0,0.0,19.5,25.19,4.57
870,2024-05-13,51,18.2,10.9,96.0,0.3,27.1,15.67,2.85
871,2024-05-14,61,17.0,13.5,94.0,6.7,21.0,8.08,1.72
872,2024-05-15,51,19.5,10.8,95.0,0.5,14.7,19.43,3.17
873,2024-05-16,51,17.4,9.6,100.0,2.1,10.0,13.54,2.23
874,2024-05-17,51,19.9,9.2,98.0,0.2,7.9,23.14,3.74
875,2024-05-18,51,19.4,11.3,96.0,1.6,13.8,15.5,2.56
876,2024-05-19,51,21.4,8.7,94.0,0.2,19.3,22.55,4.04
877,2024-05-20,51,20.2,8.8,96.0,0.1,16.2,26.6,4.13
878,2024-05-21,61,16.0,9.8,97.0,9.8,12.9,7.11,1.32
879,2024-05-22,61,15.2,12.5,97.0,12.9,22.4,7.41,1.2
880,2024-05-23,3,17.5,10.7,94.0,0.0,22.7,21.28,3.37
881,2024-05-24,3,17.6,7.3,94.0,0.0,12.9,19.61,3.16
882,2024-05-25,51,20.0,9.0,100.0,0.1,15.4,24.13,4.0
883,2024-05-26,61,18.6,11.5,92.0,5.4,27.9,20.75,3.36
884,2024-05-27,51,16.6,9.6,93.0,0.8,19.9,20.07,3.06
885,2024-05-28,61,18.5,9.8,95.0,4.0,32.0,9.71,1.78
886,2024-05-29,51,19.2,12.0,93.0,0.5,23.9,21.93,3.73
887,2024-05-30,51,17.5,11.1,88.0,3.4,22.9,15.06,2.63
888,2024-05-31,51,15.5,11.2,82.0,1.1,37.8,10.4,2.2
889,2024-06-01,3,16.6,8.9,85.0,0.0,27.8,14.26,2.71
890,2024-06-02,3,21.6,8.0,94.0,0.0,14.9,28.69,4.59
891,2024-06-03,51,19.7,10.5,96.0,0.3,12.6,16.57,2.93
892,2024-06-04,61,19.7,12.4,96.0,3.7,23.4,13.38,2.64
893,2024-06-05,3,15.5,6.3,95.0,0.0,20.9,21.46,3.58
894,2024-06-06,51,16.8,8.7,85.0,0.1,15.3,20.98,3.49
895,2024-06-07,51,18.2,7.5,91.0,0.1,20.9,19.84,3.57
896,2024-06-08,51,17.7,9.6,92.0,0.6,19.8,18.25,3.25
897,2024-06-09,3,16.9,6.4,87.0,0.0,22.3,19.07,3.36
898,2024-06-10,61,14.7,8.2,93.0,8.0,29.5,20.41,2.89
899,2024-06-11,51,15.2,6.7,94.0,2.0,14.1,20.17,3.0
900,2024-06-12,51,15.9,7.6,99.0,1.0,12.1,20.4,3.25
901,2024-06-13,51,15.9,7.2,93.0,1.6,26.7,12.93,2.59
902,2024-06-14,51,18.1,11.6,92.0,2.5,28.7,22.16,3.65
903,2024-06-15,51,17.4,9.7,91.0,2.5,34.8,19.41,3.29
904,2024-06-16,51,19.9,10.7,90.0,0.1,23.3,24.23,4.28
905,2024-06-17,3,20.8,9.9,95.0,0.0,17.1,24.41,4.29
906,2024-06-18,51,21.0,11.5,95.0,0.3,15.5,24.55,4.31
907,2024-06-19,3,19.8,11.1,97.0,0.0,22.9,20.48,3.74
908,2024-06-20,3,21.2,8.2,96.0,0.0,13.1,27.86,4.66
909,2024-06-21,51,23.1,10.4,98.0,0.1,25.5,23.29,4.62
910,2024-06-22,51,21.9,13.7,90.0,1.6,17.3,21.11,4.17
911,2024-06-23,3,23.0,10.7,93.0,0.0,10.8,19.72,3.67
912,2024-06-24,3,26.4,14.1,97.0,0.0,14.3,23.72,4.57
913,2024-06-25,3,28.0,13.0,95.0,0.0,18.1,26.87,5.39
914,2024-06-26,3,28.0,14.4,94.0,0.0,18.4,25.32,5.22
915,2024-06-27,3,23.3,14.4,78.0,0.0,26.0,24.09,5.27
916,2024-06-28,3,21.7,12.1,82.0,0.0,25.9,21.37,4.52
917,2024-06-29,3,22.9,10.2,90.0,0.0,7.6,26.28,4.71
918,2024-06-30,51,19.9,15.0,78.0,0.3,17.7,12.6,3.16
919,2024-07-01,51,19.4,12.8,78.0,0.1,20.5,14.18,3.27
920,2024-07-02,51,17.7,12.8,78.0,0.1,20.0,10.11,2.46
921,2024-07-03,51,18.5,12.7,88.0,1.6,21.6,7.09,2.05
922,2024-07-04,51,19.7,12.4,91.0,0.4,30.8,24.63,5.07
923,2024-07-05,61,21.0,13.5,93.0,23.1,28.7,10.08,2.16
924,2024-07-06,61,16.7,10.7,96.0,9.2,29.7,19.3,3.06
925,2024-07-07,61,17.6,10.1,91.0,12.3,24.7,18.08,2.82
926,2024-07-08,61,18.5,8.9,99.0,7.1,17.8,14.59,2.58
927,2024-07-09,61,20.0,15.0,93.0,15.8,20.4,7.25,1.48
928,2024-07-10,51,20.6,14.2,92.0,0.2,28.0,18.84,3.58
929,2024-07-11,51,21.4,11.7,94.0,0.3,18.9,22.72,4.07
930,2024-07-12,3,17.7,13.0,87.0,0.0,19.2,11.0,2.41
931,2024-07-13,51,18.4,11.0,94.0,0.6,14.3,14.95,2.69
932,2024-07-14,51,20.9,10.1,99.0,0.1,16.0,20.87,3.65
933,2024-07-15,61,21.6,10.9,100.0,7.3,18.9,10.77,2.13
934,2024-07-16,51,20.8,14.0,95.0,1.1,19.5,19.47,3.37
935,2024-07-17,3,22.5,11.7,99.0,0.0,14.3,19.58,3.55
936,2024-07-18,3,26.3,12.1,96.0,0.0,17.6,25.14,4.79
937,2024-07-19,3,29.5,14.6,93.0,0.0,14.8,25.78,5.35
938,2024-07-20,51,24.0,15.7,96.0,0.1,19.8,17.62,3.47
939,2024-07-21,3,22.0,15.4,96.0,0.0,15.5,15.38,3.31
940,2024-07-22,51,23.4,12.8,90.0,0.4,30.6,17.2,3.45
941,2024-07-23,51,23.1,16.3,95.0,2.1,20.2,17.19,3.33
942,2024-07-24,51,23.4,14.0,97.0,0.5,21.4,20.3,3.93
943,2024-07-25,51,20.3,15.9,92.0,2.3,26.5,6.35,1.57
944,2024-07-26,3,22.0,13.1,96.0,0.0,17.0,19.17,3.77
945,2024-07-27,3,22.1,12.7,92.0,0.0,14.7,22.14,4.09
946,2024-07-28,3,24.7,11.5,100.0,0.0,14.9,22.72,4.24
947,2024-07-29,3,27.1,13.0,89.0,0.0,16.0,26.11,5.25
948,2024-07-30,3,29.2,15.2,94.0,0.0,16.2,25.53,5.43
949,2024-07-31,51,26.6,17.8,78.0,0.4,21.3,23.4,5.13
950,2024-08-01,61,27.1,17.3,95.0,7.6,13.1,20.38,3.97
951,2024-08-02,51,26.2,16.8,99.0,1.5,19.5,21.94,4.4
952,2024-08-03,51,24.1,15.6,92.0,0.8,21.2,17.67,3.94
953,2024-08-04,3,22.5,12.4,82.0,0.0,17.2,15.71,3.47
954,2024-08-05,3,24.6,13.8,95.0,0.0,20.7,18.15,3.75
955,2024-08-06,51,21.9,15.0,90.0,2.2,22.4,9.49,2.29
956,2024-08-07,3,21.7,11.6,94.0,0.0,24.0,15.63,3.56
957,2024-08-08,51,21.1,12.4,93.0,0.1,33.8,11.82,2.7
958,2024-08-09,3,24.2,15.4,90.0,0.0,26.5,22.27,4.9
959,2024-08-10,3,23.6,14.0,92.0,0.0,24.8,11.62,2.86
960,2024-08-11,3,27.3,15.3,97.0,0.0,21.4,19.3,4.25
961,2024-08-12,3,31.3,18.3,90.0,0.0,20.0,22.37,5.45
962,2024-08-13,3,25.6,13.8,88.0,0.0,19.4,23.18,4.8
963,2024-08-14,51,24.2,16.6,93.0,0.6,11.3,11.79,2.46
964,2024-08-15,51,23.1,13.4,95.0,0.1,33.9,14.02,3.16
965,2024-08-16,51,23.5,14.4,95.0,1.2,17.9,22.72,4.15
966,2024-08-17,3,22.2,11.3,89.0,0.0,12.2,23.35,4.23
967,2024-08-18,3,25.0,12.4,96.0,0.0,17.3,19.41,4.11
968,2024-08-19,61,21.4,11.3,97.0,1.7,30.5,14.58,3.23
969,2024-08-20,51,22.4,14.1,91.0,0.3,25.1,19.32,4.31
970,2024-08-21,51,20.0,11.4,81.0,0.1,24.8,13.79,3.52
971,2024-08-22,51,19.9,15.4,84.0,0.7,40.2,5.73,2.15
972,2024-08-23,51,22.0,15.0,88.0,0.9,37.4,20.44,4.51
973,2024-08-24,61,17.7,12.2,91.0,11.4,19.8,5.62,1.38
974,2024-08-25,3,19.7,10.1,91.0,0.0,30.9,16.91,3.46
975,2024-08-26,3,22.1,13.9,93.0,0.0,22.3,17.35,3.47
976,2024-08-27,3,23.9,14.3,96.0,0.0,22.2,18.83,3.66
977,2024-08-28,3,27.1,12.7,91.0,0.0,17.8,18.2,3.98
978,2024-08-29,3,21.8,12.4,95.0,0.0,18.4,18.29,3.52
979,2024-08-30,3,22.2,10.8,89.0,0.0,18.3,15.8,3.23
980,2024-08-31,3,20.9,13.1,89.0,0.0,29.4,9.08,2.55
981,2024-09-01,3,26.9,16.1,96.0,0.0,22.0,17.9,3.48
982,2024-09-02,51,23.1,17.5,95.0,1.4,22.6,8.42,1.85
983,2024-09-03,51,21.8,14.7,97.0,2.9,16.1,14.99,2.66
984,2024-09-04,51,19.1,13.6,92.0,0.6,13.2,14.36,2.64
985,2024-09-05,61,21.4,13.8,97.0,9.2,34.2,5.46,1.39
986,2024-09-06,61,23.0,14.7,100.0,9.4,19.2,8.57,1.57
987,2024-09-07,61,21.0,12.7,100.0,6.2,11.0,7.68,1.46
988,2024-09-08,61,19.5,13.8,99.0,8.8,13.7,13.36,2.15
989,2024-09-09,3,17.7,11.6,96.0,0.0,26.3,7.32,1.81
990,2024-09-10,51,18.4,10.3,90.0,2.2,32.2,6.32,1.87
991,2024-09-11,61,15.6,8.1,88.0,3.9,30.1,16.64,2.76
992,2024-09-12,61,14.4,6.5,89.0,2.6,17.1,12.78,1.94
993,2024-09-13,3,15.9,5.7,89.0,0.0,10.8,15.47,2.42
994,2024-09-14,3,18.7,4.7,97.0,0.0,15.8,16.03,2.72
995,2024-09-15,51,19.3,8.1,98.0,1.5,17.8,14.07,2.32
996,2024-09-16,3,19.8,10.9,96.0,0.0,15.7,15.98,2.78
997,2024-09-17,3,20.5,9.7,93.0,0.0,22.4,14.97,2.96
998,2024-09-18,3,23.0,13.0,93.0,0.0,26.2,13.64,2.88
999,2024-09-19,51,24.0,14.5,97.0,0.1,26.1,14.69,3.02
1000,2024-09-20,61,22.4,13.5,95.0,4.3,24.1,11.94,2.45
1001,2024-09-21,51,23.0,14.9,96.0,0.6,17.0,13.85,2.57
1002,2024-09-22,61,20.5,15.0,97.0,18.8,15.4,9.51,1.62
1003,2024-09-23,61,18.1,14.5,98.0,51.6,23.7,5.61,1.09
1004,2024-09-24,51,16.4,11.8,96.0,2.4,18.0,6.53,1.47
1005,2024-09-25,61,17.1,10.6,96.0,10.0,21.9,8.16,1.54
1006,2024-09-26,61,16.3,11.4,97.0,13.1,29.9,8.86,1.44
1007,2024-09-27,51,12.9,6.9,88.0,2.9,29.3,4.35,1.21
1008,2024-09-28,3,13.6,4.5,94.0,0.0,15.8,11.02,1.65
1009,2024-09-29,61,14.7,6.2,89.0,5.1,27.8,8.42,1.96
1010,2024-09-30,61,16.1,12.0,93.0,11.7,32.4,3.83,1.3
1011,2024-10-01,61,14.4,10.6,92.0,12.7,26.8,4.77,1.09
1012,2024-10-02,51,17.1,10.9,95.0,1.0,26.7,8.0,1.55
1013,2024-10-03,3,15.5,7.4,93.0,0.0,18.0,10.2,1.6
1014,2024-10-04,3,16.1,5.8,99.0,0.0,11.1,10.97,1.7
1015,2024-10-05,3,16.8,6.1,92.0,0.0,18.6,10.78,2.0
1016,2024-10-06,61,15.5,11.8,95.0,4.0,23.7,4.69,1.2
1017,2024-10-07,61,17.5,11.6,96.0,10.7,20.7,10.05,1.56
1018,2024-10-08,61,17.1,12.2,94.0,3.9,27.0,9.55,1.55
1019,2024-10-09,51,16.5,12.5,93.0,2.1,22.1,7.43,1.38
1020,2024-10-10,51,12.3,3.8,92.0,3.3,20.2,5.14,1.09
1021,2024-10-11,3,12.1,2.0,100.0,0.0,13.6,11.83,1.59
1022,2024-10-12,51,14.9,7.6,88.0,3.4,21.9,4.74,1.17
1023,2024-10-13,3,10.7,4.8,83.0,0.0,21.6,6.94,1.16
1024,2024-10-14,61,13.1,7.8,93.0,14.1,24.6,4.17,0.75
1025,2024-10-15,51,16.8,9.8,100.0,0.2,19.7,3.24,0.69
1026,2024-10-16,61,21.4,14.4,95.0,7.6,24.6,6.83,1.32
1027,2024-10-17,51,17.4,9.3,99.0,1.3,17.2,7.67,1.26
1028,2024-10-18,51,16.2,8.2,100.0,0.8,18.5,7.21,1.11
1029,2024-10-19,61,16.4,10.0,94.0,7.1,21.1,6.75,1.12
1030,2024-10-20,51,17.5,11.0,94.0,3.6,36.7,1.3,0.85
1031,2024-10-21,51,14.2,9.6,97.0,1.7,22.8,2.08,0.77
1032,2024-10-22,51,15.8,8.2,98.0,0.2,23.3,7.84,1.1
1033,2024-10-23,51,16.3,8.0,100.0,0.2,15.5,7.24,1.04
1034,2024-10-24,3,16.8,9.7,96.0,0.0,17.5,9.23,1.25
1035,2024-10-25,61,17.7,10.4,98.0,4.2,15.9,4.32,0.76
1036,2024-10-26,3,16.1,8.4,100.0,0.0,11.3,4.25,0.65
1037,2024-10-27,51,14.3,6.1,99.0,0.1,16.6,8.64,1.09
1038,2024-10-28,51,15.9,11.2,96.0,0.4,24.8,2.6,0.76
1039,2024-10-29,51,15.6,11.4,98.0,0.6,11.5,3.92,0.7
1040,2024-10-30,3,14.4,7.4,100.0,0.0,9.2,5.23,0.71
1041,2024-10-31,3,14.3,6.5,100.0,0.0,7.0,4.85,0.67
1042,2024-11-01,3,12.8,7.3,100.0,0.0,12.6,4.61,0.65
1043,2024-11-02,51,14.4,10.3,93.0,0.1,13.4,2.52,0.57
1044,2024-11-03,3,13.6,10.8,94.0,0.0,14.2,3.16,0.73
1045,2024-11-04,3,12.7,9.4,93.0,0.0,11.0,4.09,0.68
1046,2024-11-05,3,13.2,9.4,98.0,0.0,8.5,4.59,0.63
1047,2024-11-06,3,12.4,9.6,96.0,0.0,6.8,1.94,0.38
1048,2024-11-07,3,12.7,9.9,96.0,0.0,13.5,2.92,0.58
1049,2024-11-08,51,10.1,7.6,89.0,0.2,14.1,2.59,0.53
1050,2024-11-09,3,9.2,6.3,91.0,0.0,5.5,2.85,0.46
1051,2024-11-10,3,11.3,4.2,99.0,0.0,11.2,2.42,0.44
1052,2024-11-11,3,11.4,5.8,97.0,0.0,14.7,5.46,0.79
1053,2024-11-12,3,12.2,5.7,91.0,0.0,28.9,5.29,0.96
1054,2024-11-13,3,11.3,6.6,96.0,0.0,10.9,5.58,0.67
1055,2024-11-14,51,11.6,7.4,98.0,0.5,11.3,3.71,0.56
1056,2024-11-15,3,9.9,5.9,91.0,0.0,7.8,4.57,0.57
1057,2024-11-16,51,10.7,3.9,96.0,0.6,11.4,2.17,0.35
1058,2024-11-17,51,9.8,6.9,93.0,0.5,14.3,4.59,0.67
1059,2024-11-18,61,8.7,5.4,97.0,10.8,13.1,3.01,0.36
1060,2024-11-19,75,11.1,1.2,100.0,8.1,20.4,0.67,0.19
1061,2024-11-20,3,4.8,-0.1,86.0,0.0,16.5,5.4,0.65
1062,2024-11-21,3,3.0,-0.4,94.0,0.0,13.0,2.87,0.32
1063,2024-11-22,75,6.3,0.9,87.0,0.0,18.7,5.06,0.72
1064,2024-11-23,61,14.4,1.3,93.0,11.6,32.2,0.54,0.51
1065,2024-11-24,61,17.4,12.2,92.0,7.4,32.8,2.52,1.85
1066,2024-11-25,51,11.5,6.9,91.0,1.4,17.8,4.75,0.99
1067,2024-11-26,51,9.4,5.3,90.0,0.6,12.0,4.82,0.52
1068,2024-11-27,61,8.4,2.6,98.0,18.0,18.9,1.79,0.3
1069,2024-11-28,3,4.8,0.5,99.0,0.0,9.4,4.48,0.35
1070,2024-11-29,3,9.6,3.3,92.0,0.0,11.6,4.5,0.65
1071,2024-11-30,3,13.8,8.1,96.0,0.0,12.3,2.41,0.36
1072,2024-12-01,51,13.3,10.8,95.0,2.2,16.9,1.26,0.28
1073,2024-12-02,51,11.3,7.7,96.0,0.4,17.5,3.48,0.51
1074,2024-12-03,3,7.1,4.1,95.0,0.0,8.8,2.75,0.3
1075,2024-12-04,51,9.5,2.6,98.0,0.8,19.4,2.07,0.35
1076,2024-12-05,61,14.1,9.1,96.0,8.4,29.3,1.56,0.6
1077,2024-12-06,51,11.6,6.5,90.0,0.6,26.7,3.86,0.97
1078,2024-12-07,61,12.6,6.1,93.0,5.9,30.7,0.55,0.86
1079,2024-12-08,61,7.7,6.6,89.0,8.1,28.5,0.91,0.67
1080,2024-12-09,51,7.9,7.0,84.0,0.2,22.0,1.69,0.68
1081,2024-12-10,3,7.1,6.1,84.0,0.0,18.8,1.27,0.63
1082,2024-12-11,51,6.7,5.9,86.0,0.1,14.8,1.18,0.39
1083,2024-12-12,51,7.3,5.3,97.0,0.3,9.3,0.92,0.18
1084,2024-12-13,3,6.6,3.9,96.0,0.0,8.2,1.43,0.22
1085,2024-12-14,51,7.7,4.1,95.0,0.3,12.1,3.12,0.37
1086,2024-12-15,3,11.6,4.9,95.0,0.0,17.6,2.05,0.33
1087,2024-12-16,51,11.1,7.7,93.0,0.2,17.8,2.91,0.63
1088,2024-12-17,3,10.6,5.3,100.0,0.0,19.8,1.51,0.36
1089,2024-12-18,61,14.0,10.7,92.0,3.8,28.8,2.62,0.75
1090,2024-12-19,61,12.3,4.5,92.0,3.0,27.8,3.41,0.69
1091,2024-12-20,51,8.4,2.6,95.0,0.7,15.6,3.01,0.41
1092,2024-12-21,51,12.3,4.8,96.0,2.3,23.3,0.89,0.55
1093,2024-12-22,75,7.4,4.3,81.0,1.6,24.6,3.11,1.17
1094,2024-12-23,51,6.2,4.2,94.0,1.7,20.3,2.13,0.68
1095,2024-12-24,3,12.2,6.5,99.0,0.0,12.1,1.92,0.25
1096,2024-12-25,3,10.1,8.8,99.0,0.0,9.9,1.38,0.23
1097,2024-12-26,3,8.7,6.9,97.0,0.0,4.4,1.71,0.23
1098,2024-12-27,3,7.9,6.2,98.0,0.0,3.5,1.13,0.19
1099,2024-12-28,3,6.5,4.8,97.0,0.0,8.3,1.09,0.17
1100,2024-12-29,3,7.2,4.8,96.0,0.0,11.8,1.91,0.22
1101,2024-12-30,3,8.9,6.6,98.0,0.0,16.4,2.47,0.39
1102,2024-12-31,3,11.2,7.5,93.0,0.0,24.7,2.36,0.59
1103,2025-01-01,61,11.8,4.4,94.0,10.5,30.6,0.49,0.51
1104,2025-01-02,3,4.0,-0.5,96.0,0.0,9.2,4.1,0.35
1105,2025-01-03,3,3.4,-1.2,92.0,0.0,10.6,4.24,0.33
1106,2025-01-04,75,3.2,-1.6,95.0,0.8,15.7,1.76,0.25
1107,2025-01-05,75,12.6,0.7,98.0,18.8,25.7,0.86,0.25
1108,2025-01-06,61,12.0,2.3,91.0,6.9,31.6,1.64,0.48
1109,2025-01-07,75,5.0,0.8,88.0,0.0,13.3,4.32,0.44
1110,2025-01-08,75,1.8,-0.7,99.0,1.6,11.5,1.78,0.19
1111,2025-01-09,75,3.1,-0.8,96.0,0.3,11.7,4.55,0.37
1112,2025-01-10,3,1.4,-1.9,99.0,0.0,7.6,3.41,0.27
1113,2025-01-11,3,1.7,-4.1,100.0,0.0,4.5,4.65,0.31
1114,2025-01-12,3,3.2,-4.4,100.0,0.0,8.6,2.55,0.26
1115,2025-01-13,3,6.0,1.6,91.0,0.0,11.0,4.54,0.46
1116,2025-01-14,3,8.9,2.5,96.0,0.0,11.8,3.9,0.38
1117,2025-01-15,3,10.1,7.2,99.0,0.0,7.0,1.62,0.26
1118,2025-01-16,3,9.7,6.1,100.0,0.0,10.8,3.01,0.41
1119,2025-01-17,3,6.5,3.3,93.0,0.0,8.1,3.08,0.38
1120,2025-01-18,3,3.5,1.9,96.0,0.0,7.5,2.76,0.29
1121,2025-01-19,51,3.4,1.8,88.0,0.2,8.5,1.5,0.28
1122,2025-01-20,51,6.1,2.2,95.0,0.1,8.6,2.41,0.3
1123,2025-01-21,3,5.0,-0.9,100.0,0.0,7.3,3.01,0.32
1124,2025-01-22,51,4.4,2.3,99.0,1.0,9.2,1.55,0.23
1125,2025-01-23,61,8.3,1.5,98.0,4.7,23.2,1.94,0.45
1126,2025-01-24,51,10.8,6.8,91.0,3.8,33.5,2.54,1.07
1127,2025-01-25,51,8.0,2.8,95.0,2.1,12.8,5.19,0.54
1128,2025-01-26,61,8.9,1.7,93.0,11.0,30.2,1.38,0.46
1129,2025-01-27,61,9.4,6.9,93.0,6.3,28.3,3.93,1.01
1130,2025-01-28,51,9.6,6.5,90.0,4.0,24.8,3.2,0.79
1131,2025-01-29,51,7.8,4.0,95.0,0.2,16.3,3.87,0.52
1132,2025-01-30,3,7.6,2.0,88.0,0.0,13.2,6.78,0.77
1133,2025-01-31,61,8.1,2.2,96.0,3.5,17.7,2.31,0.33
1134,2025-02-01,3,7.0,2.4,95.0,0.0,10.6,2.8,0.46
1135,2025-02-02,3,7.6,-0.3,96.0,0.0,9.6,7.01,0.68
1136,2025-02-03,3,7.9,-1.1,98.0,0.0,12.7,2.41,0.37
1137,2025-02-04,51,10.2,6.3,97.0,0.2,20.7,3.56,0.63
1138,2025-02-05,3,9.1,2.5,94.0,0.0,11.8,6.49,0.7
1139,2025-02-06,3,7.3,0.7,92.0,0.0,16.4,6.42,0.74
1140,2025-02-07,75,4.0,2.6,93.0,4.6,22.7,2.49,0.49
1141,2025-02-08,51,6.3,2.7,95.0,2.1,14.1,1.6,0.28
1142,2025-02-09,51,5.9,1.4,94.0,1.0,14.7,2.18,0.33
1143,2025-02-10,51,4.7,2.5,95.0,3.5,17.3,1.28,0.33
1144,2025-02-11,3,5.1,2.8,94.0,0.0,10.7,1.87,0.33
1145,2025-02-12,51,6.1,3.2,95.0,0.2,9.6,3.82,0.53
1146,2025-02-13,51,4.8,2.4,93.0,0.2,11.0,2.98,0.52
1147,2025-02-14,3,4.9,0.9,83.0,0.0,14.4,8.26,0.88
1148,2025-02-15,51,5.6,1.8,89.0,0.9,10.1,2.32,0.42
1149,2025-02-16,3,4.4,1.8,88.0,0.0,17.1,5.21,0.72
1150,2025-02-17,3,5.2,-0.4,86.0,0.0,12.4,9.25,0.95
1151,2025-02-18,3,6.4,0.0,84.0,0.0,12.2,9.64,1.04
1152,2025-02-19,3,8.0,1.4,95.0,0.0,11.7,5.48,0.74
1153,2025-02-20,61,12.9,8.3,94.0,3.1,23.5,2.22,0.52
1154,2025-02-21,51,15.1,10.9,96.0,6.3,21.5,7.32,1.19
1155,2025-02-22,61,13.0,7.5,98.0,5.1,12.0,6.0,0.93
1156,2025-02-23,51,10.9,6.7,99.0,2.0,25.2,4.71,0.9
1157,2025-02-24,61,12.5,7.6,95.0,13.2,25.7,6.1,0.97
1158,2025-02-25,51,10.4,5.0,95.0,0.8,12.0,7.4,1.08
1159,2025-02-26,61,7.9,3.3,93.0,5.8,23.9,3.67,0.54
1160,2025-02-27,3,9.2,3.3,90.0,0.0,15.9,8.59,1.15
1161,2025-02-28,3,8.9,0.9,92.0,0.0,7.4,10.75,1.26
1162,2025-03-01,3,8.8,0.1,100.0,0.0,7.5,11.38,1.24
1163,2025-03-02,3,8.8,-1.2,100.0,0.0,6.3,11.05,1.21
1164,2025-03-03,3,10.3,-0.7,100.0,0.0,5.0,12.56,1.4
1165,2025-03-04,3,10.9,0.8,98.0,0.0,9.8,13.07,1.55
1166,2025-03-05,3,12.9,1.1,89.0,0.0,8.4,13.15,1.63
1167,2025-03-06,3,15.9,4.6,82.0,0.0,12.8,13.1,1.97
1168,2025-03-07,3,16.1,9.7,83.0,0.0,12.1,12.55,1.98
1169,2025-03-08,3,15.9,7.1,80.0,0.0,11.2,12.76,2.0
1170,2025-03-09,3,16.2,7.2,82.0,0.0,11.0,13.51,2.04
1171,2025-03-10,51,13.8,6.8,87.0,0.4,14.7,6.83,1.15
1172,2025-03-11,51,8.2,3.9,89.0,0.4,17.2,8.0,1.26
1173,2025-03-12,75,7.5,2.1,93.0,1.9,10.3,10.41,1.17
1174,2025-03-13,51,7.2,1.6,93.0,0.7,16.0,7.7,0.97
1175,2025-03-14,51,8.0,0.1,95.0,0.4,13.3,10.9,1.23
1176,2025-03-15,51,7.8,1.0,90.0,0.2,18.1,10.11,1.47
1177,2025-03-16,3,8.1,-0.3,88.0,0.0,17.4,12.13,1.44
1178,2025-03-17,51,8.2,4.0,91.0,0.3,15.7,7.12,1.06
1179,2025-03-18,3,10.1,2.4,87.0,0.0,14.8,16.41,2.05
1180,2025-03-19,3,16.6,2.0,85.0,0.0,8.7,15.17,2.11
1181,2025-03-20,3,19.2,5.7,95.0,0.0,10.4,14.1,2.43
1182,2025-03-21,51,17.1,9.6,83.0,0.9,14.4,10.6,2.15
1183,2025-03-22,51,15.6,10.2,98.0,1.3,11.7,8.95,1.46
1184,2025-03-23,51,14.7,8.2,100.0,2.8,16.0,7.43,1.24
1185,2025-03-24,3,12.7,7.1,91.0,0.0,12.7,11.23,1.62
1186,2025-03-25,51,14.5,4.9,95.0,0.2,11.7,11.68,1.69
1187,2025-03-26,51,15.6,8.7,95.0,0.3,9.3,11.9,1.84
1188,2025-03-27,3,14.9,5.8,100.0,0.0,11.9,16.22,2.24
1189,2025-03-28,51,14.3,6.8,94.0,0.8,16.3,11.59,2.1
1190,2025-03-29,3,13.7,3.7,85.0,0.0,17.6,17.78,2.82
1191,2025-03-30,3,15.9,9.0,87.0,0.0,20.0,17.86,3.01
1192,2025-03-31,3,16.4,5.9,85.0,0.0,10.8,17.58,2.78
1193,2025-04-01,3,13.7,5.4,94.0,0.0,19.8,19.03,2.84
1194,2025-04-02,3,16.0,7.3,74.0,0.0,22.1,19.3,3.3
1195,2025-04-03,3,18.6,8.8,78.0,0.0,16.9,18.48,3.4
1196,2025-04-04,3,21.5,10.2,77.0,0.0,16.3,17.74,3.81
1197,2025-04-05,3,17.9,6.5,77.0,0.0,18.0,20.28,3.8
1198,2025-04-06,3,15.3,6.3,77.0,0.0,15.7,20.39,3.44
1199,2025-04-07,3,15.0,4.2,87.0,0.0,11.8,20.69,3.26
1200,2025-04-08,3,16.1,4.2,83.0,0.0,11.5,18.96,3.13
1201,2025-04-09,3,13.6,3.9,77.0,0.0,13.8,19.23,2.83
1202,2025-04-10,3,16.1,5.5,82.0,0.0,9.4,19.79,2.81
1203,2025-04-11,3,22.6,6.5,93.0,0.0,10.4,21.58,3.68
1204,2025-04-12,3,22.3,8.1,72.0,0.0,12.5,19.7,3.97
1205,2025-04-13,51,16.6,10.4,79.0,0.3,16.6,16.61,3.19
1206,2025-04-14,51,15.2,6.4,90.0,0.7,17.6,13.47,2.39
1207,2025-04-15,61,17.5,9.7,96.0,9.2,19.8,11.55,2.09
1208,2025-04-16,51,15.0,8.5,80.0,0.2,25.1,20.89,3.58
1209,2025-04-17,3,17.4,5.8,91.0,0.0,12.2,19.0,3.26
1210,2025-04-18,51,17.0,9.2,71.0,0.1,21.3,12.56,2.92
1211,2025-04-19,51,16.1,7.5,80.0,0.2,19.9,18.57,3.49
1212,2025-04-20,3,15.4,5.5,86.0,0.0,13.4,18.73,2.89
1213,2025-04-21,61,16.2,9.7,85.0,3.7,11.7,10.73,1.93
1214,2025-04-22,3,17.4,7.0,93.0,0.0,15.4,18.38,3.22
1215,2025-04-23,61,12.0,8.4,89.0,9.5,20.1,9.93,1.64
1216,2025-04-24,3,14.7,7.4,99.0,0.0,10.0,17.03,2.62
1217,2025-04-25,3,15.3,6.0,100.0,0.0,11.4,20.06,2.92
1218,2025-04-26,3,17.1,8.2,93.0,0.0,10.3,18.05,2.9
1219,2025-04-27,3,20.7,8.1,94.0,0.0,8.9,19.05,3.45
1220,2025-04-28,3,24.0,10.2,85.0,0.0,13.9,23.6,4.52
1221,2025-04-29,3,23.1,10.6,68.0,0.0,12.3,25.2,4.97
1222,2025-04-30,3,25.9,9.7,85.0,0.0,12.4,25.42,4.96
1223,2025-05-01,3,28.6,11.8,83.0,0.0,11.8,22.94,5.13
1224,2025-05-02,51,25.4,14.0,72.0,1.5,11.8,22.99,4.59
1225,2025-05-03,3,21.4,10.4,85.0,0.0,19.9,18.55,3.74
1226,2025-05-04,3,13.4,7.5,83.0,0.0,19.1,16.6,2.99
1227,2025-05-05,51,13.5,5.2,80.0,0.9,25.1,14.35,2.79
1228,2025-05-06,51,14.0,6.4,79.0,0.1,15.2,16.76,2.76
1229,2025-05-07,3,16.7,6.1,84.0,0.0,17.2,20.79,3.51
1230,2025-05-08,3,15.9,8.6,83.0,0.0,16.3,17.9,3.18
1231,2025-05-09,3,18.1,6.2,87.0,0.0,16.5,26.95,4.7
1232,2025-05-10,3,22.6,9.2,86.0,0.0,17.1,25.79,5.21
1233,2025-05-11,3,24.0,11.1,76.0,0.0,14.1,24.54,5.02
1234,2025-05-12,61,23.1,13.9,87.0,4.7,15.8,22.86,3.97
1235,2025-05-13,3,23.5,12.9,91.0,0.0,15.2,26.27,5.09
1236,2025-05-14,3,22.6,9.2,72.0,0.0,16.6,27.29,5.2
1237,2025-05-15,3,15.2,8.7,84.0,0.0,19.0,13.76,2.69
1238,2025-05-16,3,18.6,7.7,86.0,0.0,14.6,27.69,4.47
1239,2025-05-17,3,18.7,9.0,85.0,0.0,13.8,23.31,4.0
1240,2025-05-18,3,17.8,9.4,90.0,0.0,12.9,21.56,3.58
1241,2025-05-19,51,19.6,10.5,81.0,0.2,14.9,20.13,3.79
1242,2025-05-20,3,22.6,9.2,73.0,0.0,11.5,24.11,4.55
1243,2025-05-21,51,18.0,11.4,80.0,3.0,14.9,16.67,3.15
1244,2025-05-22,3,14.7,8.2,83.0,0.0,11.8,16.41,2.63
1245,2025-05-23,51,18.4,6.8,84.0,0.1,16.3,19.79,3.6
1246,2025-05-24,61,21.4,12.4,93.0,6.0,20.7,13.02,2.81
1247,2025-05-25,51,19.7,12.9,89.0,1.0,23.2,22.84,4.64
1248,2025-05-26,51,18.1,11.2,79.0,0.1,23.1,15.54,3.5
1249,2025-05-27,61,16.9,13.4,88.0,6.6,26.1,8.37,1.97
1250,2025-05-28,51,20.3,14.0,90.0,1.0,19.4,21.51,4.05
1251,2025-05-29,51,24.1,13.8,88.0,2.1,23.7,14.85,3.35
1252,2025-05-30,51,24.9,15.0,91.0,0.2,15.2,17.48,3.86
1253,2025-05-31,3,27.5,16.5,79.0,0.0,17.6,23.02,5.13
1254,2025-06-01,3,21.6,14.1,81.0,0.0,21.5,21.87,4.86
1255,2025-06-02,51,21.9,12.4,80.0,0.4,18.0,25.49,5.07
1256,2025-06-03,51,17.5,11.8,82.0,3.7,25.6,10.11,2.2
1257,2025-06-04,51,18.1,10.6,86.0,0.1,19.0,18.47,3.46
1258,2025-06-05,61,16.8,12.5,91.0,9.2,23.4,7.82,1.65
1259,2025-06-06,51,19.0,11.0,90.0,1.2,20.2,22.14,3.95
1260,2025-06-07,61,17.6,11.2,94.0,13.2,17.4,14.99,2.44
1261,2025-06-08,3,17.2,9.3,86.0,0.0,18.2,20.44,3.63
1262,2025-06-09,3,19.8,11.0,89.0,0.0,16.8,18.45,3.51
1263,2025-06-10,51,22.1,13.1,85.0,0.2,18.0,17.85,3.64
1264,2025-06-11,51,23.3,12.8,94.0,0.2,15.8,19.31,3.87
1265,2025-06-12,51,25.0,14.2,85.0,0.8,15.0,22.51,4.55
1266,2025-06-13,51,28.6,16.6,86.0,1.2,13.4,25.84,5.62
1267,2025-06-14,61,23.6,15.6,87.0,4.0,20.2,27.48,5.35
1268,2025-06-15,51,23.6,13.3,89.0,0.2,16.2,22.73,4.62
1269,2025-06-16,3,27.4,14.8,86.0,0.0,12.7,25.77,5.27
1270,2025-06-17,3,26.9,15.4,80.0,0.0,14.4,28.25,5.93
1271,2025-06-18,3,28.8,16.0,80.0,0.0,9.4,28.94,5.89
1272,2025-06-19,3,32.0,18.9,67.0,0.0,17.7,28.99,6.39
1273,2025-06-20,3,28.9,17.6,83.0,0.0,12.6,22.61,5.35
1274,2025-06-21,3,31.6,18.5,67.0,0.0,14.4,24.65,6.41
1275,2025-06-22,3,26.7,17.7,75.0,0.0,24.2,21.23,5.4
1276,2025-06-23,51,22.8,16.1,80.0,0.4,20.8,25.44,5.72
1277,2025-06-24,51,24.5,14.1,80.0,0.3,23.2,15.78,3.79
1278,2025-06-25,3,27.4,16.4,89.0,0.0,12.5,22.67,4.76
1279,2025-06-26,61,24.2,17.3,84.0,3.7,22.9,21.15,4.64
1280,2025-06-27,51,27.0,13.9,86.0,1.8,19.7,24.75,5.05
1281,2025-06-28,51,30.2,18.6,90.0,0.1,17.1,19.13,4.71
1282,2025-06-29,3,29.8,18.1,84.0,0.0,14.8,24.36,5.24
1283,2025-06-30,3,32.0,18.8,79.0,0.0,12.2,27.82,6.32
1284,2025-07-01,3,33.6,23.7,64.0,0.0,10.8,24.88,5.96
1285,2025-07-02,61,23.0,16.1,79.0,4.1,16.4,14.88,3.51
1286,2025-07-03,3,23.7,12.8,72.0,0.0,11.4,24.62,5.16
1287,2025-07-04,3,26.2,14.5,64.0,0.0,17.3,27.85,6.27
1288,2025-07-05,51,21.7,16.4,78.0,2.1,23.0,10.8,3.1
1289,2025-07-06,61,22.6,17.1,85.0,3.8,15.3,18.27,3.71
1290,2025-07-07,61,19.6,13.5,95.0,10.0,18.3,17.01,3.39
1291,2025-07-08,51,21.9,12.4,81.0,0.2,13.8,27.95,4.88
1292,2025-07-09,51,25.3,13.8,73.0,0.9,8.7,21.43,4.1
1293,2025-07-10,3,30.1,17.8,77.0,0.0,12.2,28.26,5.94
1294,2025-07-11,3,31.7,19.0,68.0,0.0,9.7,28.29,6.0
1295,2025-07-12,3,28.8,19.6,67.0,0.0,12.4,28.04,5.98
1296,2025-07-13,51,27.8,15.8,86.0,0.1,9.8,24.99,4.79
1297,2025-07-14,51,24.9,17.6,82.0,0.9,23.2,22.28,5.25
1298,2025-07-15,51,21.7,14.6,78.0,0.7,24.2,17.41,4.32
1299,2025-07-16,3,23.9,15.2,84.0,0.0,17.0,19.66,4.3
1300,2025-07-17,51,25.9,18.8,79.0,0.8,10.7,12.15,2.97
1301,2025-07-18,3,29.4,18.2,91.0,0.0,12.3,26.42,5.67
1302,2025-07-19,61,22.6,18.0,94.0,16.2,10.2,12.49,2.52
1303,2025-07-20,51,20.5,15.8,91.0,2.7,17.2,14.76,2.67
1304,2025-07-21,51,22.7,14.5,97.0,0.6,13.4,21.29,3.89
1305,2025-07-22,51,22.4,15.3,94.0,1.2,12.3,17.85,3.26
1306,2025-07-23,51,22.1,15.0,91.0,1.5,10.0,19.84,3.7
1307,2025-07-24,51,20.8,15.5,89.0,0.9,16.4,11.57,2.38
1308,2025-07-25,3,25.5,15.4,90.0,0.0,10.9,19.67,4.02
1309,2025-07-26,51,23.3,15.9,83.0,0.4,11.2,14.62,3.12
1310,2025-07-27,51,21.5,15.3,79.0,0.1,14.3,14.22,3.49
1311,2025-07-28,3,24.2,15.0,69.0,0.0,13.7,20.06,4.58
1312,2025-07-29,51,21.9,15.2,83.0,0.8,9.6,12.47,2.68
1313,2025-07-30,51,24.8,16.2,88.0,0.8,14.0,17.37,3.79
1314,2025-07-31,61,22.7,16.6,89.0,26.7,12.4,10.11,2.05
1315,2025-08-01,51,19.8,13.1,84.0,1.2,16.2,18.66,3.19
1316,2025-08-02,3,20.0,13.2,79.0,0.0,10.0,16.77,3.21
1317,2025-08-03,61,23.1,12.8,87.0,2.5,17.2,14.62,2.85
1318,2025-08-04,51,21.5,16.3,93.0,1.0,24.0,8.04,1.98
1319,2025-08-05,3,20.8,13.1,78.0,0.0,19.7,19.23,4.1
1320,2025-08-06,3,22.3,11.7,85.0,0.0,12.3,22.81,4.33
1321,2025-08-07,3,23.0,14.6,82.0,0.0,19.8,16.85,3.78
1322,2025-08-08,3,25.2,15.5,85.0,0.0,13.7,21.75,4.57
1323,2025-08-09,3,24.8,14.5,75.0,0.0,17.1,20.67,4.75
1324,2025-08-10,3,26.2,14.8,81.0,0.0,8.3,23.88,4.38
1325,2025-08-11,51,29.7,16.5,80.0,0.5,12.2,23.26,5.08
1326,2025-08-12,51,31.1,18.8,83.0,0.6,13.3,23.55,5.43
1327,2025-08-13,3,27.8,18.3,85.0,0.0,14.6,15.46,3.35
1328,2025-08-14,3,27.0,16.6,93.0,0.0,13.1,14.37,3.5
1329,2025-08-15,3,29.6,17.8,84.0,0.0,15.1,22.46,4.83
1330,2025-08-16,51,22.6,16.4,86.0,0.1,13.4,12.94,2.98
1331,2025-08-17,3,24.5,13.0,84.0,0.0,12.9,22.72,4.13
1332,2025-08-18,51,21.5,16.9,81.0,0.2,13.6,11.62,2.73
1333,2025-08-19,51,25.1,15.2,88.0,0.1,16.5,14.86,3.48
1334,2025-08-20,3,20.6,15.0,85.0,0.0,17.1,13.41,3.17
1335,2025-08-21,51,20.1,13.6,82.0,0.1,14.6,12.3,2.92
1336,2025-08-22,3,22.8,11.6,83.0,0.0,9.9,18.98,3.52
1337,2025-08-23,3,21.9,16.1,69.0,0.0,9.9,12.49,2.65
1338,2025-08-24,3,23.7,14.7,75.0,0.0,9.7,16.12,3.43
1339,2025-08-25,3,26.1,15.2,75.0,0.0,12.6,21.69,4.74
1340,2025-08-26,51,25.3,18.0,77.0,0.2,18.9,14.61,3.84
1341,2025-08-27,51,21.8,15.6,87.0,1.3,20.8,12.65,2.69
1342,2025-08-28,51,20.6,13.0,97.0,2.4,19.6,17.93,3.25
1343,2025-08-29,61,19.7,14.4,95.0,19.5,14.8,12.15,2.19
1344,2025-08-30,51,20.1,13.1,92.0,2.0,23.3,12.81,2.32
1345,2025-08-31,51,20.2,14.0,91.0,0.9,21.3,17.85,3.09
1346,2025-09-01,61,19.3,14.3,87.0,3.3,22.7,16.29,2.72
1347,2025-09-02,51,19.0,12.8,93.0,1.9,15.4,11.75,1.96
1348,2025-09-03,61,20.1,15.6,94.0,25.6,27.5,8.24,1.72
1349,2025-09-04,61,18.9,13.7,90.0,4.7,20.7,15.42,2.73
1350,2025-09-05,3,20.7,11.5,94.0,0.0,9.8,17.27,2.9
1351,2025-09-06,3,22.1,13.4,90.0,0.0,17.6,17.3,3.33
1352,2025-09-07,3,24.5,15.7,88.0,0.0,18.0,15.66,3.2
1353,2025-09-08,51,19.6,13.6,91.0,0.1,13.4,17.52,3.05
1354,2025-09-09,51,19.9,11.1,89.0,0.3,11.3,16.78,2.95
1355,2025-09-10,61,18.0,14.1,90.0,7.7,19.4,9.94,1.89
1356,2025-09-11,61,18.1,12.1,89.0,3.7,22.8,15.85,2.72
1357,2025-09-12,61,17.7,10.9,84.0,4.4,18.4,15.85,2.67
1358,2025-09-13,61,17.3,11.8,89.0,3.0,17.7,14.3,2.4
1359,2025-09-14,61,17.8,9.3,92.0,3.5,26.3,6.14,1.28
1360,2025-09-15,51,17.8,13.9,82.0,0.4,31.6,14.82,3.32
1361,2025-09-16,3,18.4,12.1,82.0,0.0,21.8,14.25,2.91
1362,2025-09-17,51,18.9,12.6,89.0,1.1,24.4,3.95,1.13
1363,2025-09-18,3,21.6,15.8,93.0,0.0,21.9,8.24,1.72
1364,2025-09-19,3,25.5,15.0,95.0,0.0,13.2,16.32,2.98
1365,2025-09-20,3,21.2,13.5,94.0,0.0,24.5,9.52,2.11
1366,2025-09-21,3,15.6,9.6,80.0,0.0,20.9,13.96,2.58
1367,2025-09-22,3,15.7,7.6,82.0,0.0,16.2,14.3,2.46
1368,2025-09-23,3,16.5,7.2,84.0,0.0,15.7,9.78,1.97
1369,2025-09-24,3,17.5,9.6,89.0,0.0,16.1,14.27,2.72
1370,2025-09-25,3,18.4,9.6,78.0,0.0,17.6,14.93,3.07
1371,2025-09-26,51,16.1,9.4,81.0,1.1,15.7,8.53,1.69
1372,2025-09-27,3,17.5,10.7,86.0,0.0,15.1,10.4,1.94
1373,2025-09-28,51,16.9,11.8,95.0,0.5,9.4,4.61,0.94
1374,2025-09-29,3,17.8,8.0,92.0,0.0,8.1,12.82,1.98
1375,2025-09-30,3,18.4,8.9,93.0,0.0,6.4,13.72,2.05
1376,2025-10-01,51,17.9,10.0,90.0,0.1,8.8,6.44,1.2
1377,2025-10-02,3,18.6,10.3,97.0,0.0,16.4,8.19,1.73
1378,2025-10-03,61,17.9,14.3,95.0,12.4,28.6,1.94,0.88
1379,2025-10-04,61,16.8,11.4,96.0,3.6,31.5,10.65,2.32
1380,2025-10-05,3,15.8,10.6,79.0,0.0,22.5,11.78,2.45
1381,2025-10-06,3,18.6,9.7,89.0,0.0,11.4,12.0,1.88
1382,2025-10-07,3,17.0,11.6,94.0,0.0,12.3,8.69,1.46
1383,2025-10-08,51,16.8,11.4,95.0,0.4,8.2,5.34,0.91
1384,2025-10-09,3,15.1,8.8,88.0,0.0,11.1,9.62,1.41
1385,2025-10-10,51,15.9,12.1,92.0,0.1,7.2,6.52,1.05
1386,2025-10-11,3,14.9,10.4,95.0,0.0,5.5,9.71,1.35
1387,2025-10-12,3,15.1,7.5,100.0,0.0,9.1,10.94,1.47
1388,2025-10-13,51,15.6,12.4,97.0,0.2,12.1,3.7,0.77
1389,2025-10-14,51,13.7,10.7,92.0,0.1,11.1,4.3,0.8
1390,2025-10-15,3,13.0,10.6,90.0,0.0,10.5,3.34,0.66
1391,2025-10-16,3,15.5,9.6,95.0,0.0,7.8,4.98,0.86
1392,2025-10-17,3,14.8,11.2,96.0,0.0,8.6,7.33,1.17
1393,2025-10-18,3,14.7,11.2,83.0,0.0,13.5,5.09,1.22
1394,2025-10-19,61,15.3,12.1,95.0,6.1,17.6,2.39,0.65
1395,2025-10-20,51,14.7,11.6,96.0,3.4,17.3,4.83,0.82
1396,2025-10-21,51,15.4,11.0,96.0,0.2,17.7,6.05,1.08
1397,2025-10-22,61,14.7,9.0,97.0,9.9,15.3,7.03,1.06
1398,2025-10-23,61,11.8,7.0,93.0,14.2,25.6,2.78,0.89
1399,2025-10-24,3,12.0,5.9,84.0,0.0,20.2,8.81,1.46
1400,2025-10-25,51,11.9,6.4,90.0,1.1,17.4,7.38,1.24
1401,2025-10-26,51,11.2,5.0,88.0,0.7,19.3,6.63,1.1
1402,2025-10-27,3,12.8,9.9,86.0,0.0,26.7,7.02,1.58
1403,2025-10-28,51,14.4,11.3,87.0,0.3,21.0,7.61,1.55
1404,2025-10-29,61,12.5,7.2,97.0,4.7,14.9,1.69,0.38
1405,2025-10-30,3,13.0,5.7,91.0,0.0,20.5,6.09,1.02
1406,2025-10-31,61,15.8,13.6,89.0,4.4,22.7,3.94,1.01
1407,2025-11-01,51,15.8,9.1,91.0,4.5,25.9,7.32,1.36
1408,2025-11-02,61,12.3,7.5,93.0,3.8,14.8,6.58,1.01
1409,2025-11-03,51,16.0,7.5,89.0,1.3,20.7,5.17,1.07
1410,2025-11-04,3,15.8,13.7,87.0,0.0,19.7,5.08,1.11
1411,2025-11-05,51,17.2,14.6,81.0,0.1,18.9,3.88,1.29
1412,2025-11-06,51,16.7,14.2,95.0,1.1,12.4,3.3,0.69
1413,2025-11-07,61,15.0,12.1,100.0,1.7,12.7,3.44,0.56
1414,2025-11-08,61,14.2,8.8,97.0,1.5,12.0,3.97,0.63
1415,2025-11-09,3,14.1,5.3,95.0,0.0,16.2,5.31,0.78
1416,2025-11-10,61,13.2,8.6,93.0,5.8,18.5,1.13,0.39
1417,2025-11-11,51,14.9,8.4,89.0,1.5,23.6,3.79,0.86
1418,2025-11-12,51,16.4,13.3,86.0,0.3,21.4,4.46,1.01
1419,2025-11-13,61,16.8,12.8,97.0,4.7,15.7,5.0,0.87
1420,2025-11-14,61,14.4,12.2,98.0,15.2,14.0,1.11,0.25
1421,2025-11-15,51,13.3,10.4,100.0,0.2,10.9,3.07,0.44
1422,2025-11-16,51,10.5,6.1,91.0,0.6,12.9,1.77,0.55
1423,2025-11-17,3,7.6,2.9,87.0,0.0,16.2,5.41,0.74
1424,2025-11-18,51,7.0,0.0,96.0,0.1,12.9,3.94,0.44
1425,2025-11-19,75,5.0,0.6,98.0,4.2,24.9,2.53,0.5
1426,2025-11-20,3,3.7,-1.3,81.0,0.0,15.0,4.49,0.64
1427,2025-11-21,3,5.8,0.6,89.0,0.0,13.8,5.51,0.49
1428,2025-11-29,51,11.5,5.2,91.0,4.6,24.2,0.95,0.43
